Timestamp,Temp(C),Hum(%),MQ2(V),MQ3(V),MQ5(V),MQ7(V),MQ8(V),MQ135(V)
2025-12-19 11:02:39,43.9,29.9,0.44,0.95,1.1,0.35,0.51,0.28
2025-12-19 11:02:44,43.7,25.5,0.44,0.86,0.93,0.35,0.48,0.3
2025-12-19 11:02:49,43.5,25.7,0.44,0.74,0.92,0.35,0.49,0.3
2025-12-19 11:02:54,43.2,25.5,0.44,0.68,0.94,0.35,0.48,0.3
2025-12-19 11:03:00,43.2,25.7,0.42,0.73,1.05,0.35,0.48,0.29
2025-12-19 11:03:05,43.1,25.6,0.42,0.71,0.89,0.35,0.46,0.28
2025-12-19 11:03:10,42.6,25.9,0.42,0.73,1.01,0.35,0.46,0.27
2025-12-19 11:03:16,42.5,25.7,0.42,0.73,0.87,0.34,0.46,0.29
2025-12-19 11:03:21,42.2,26.1,0.42,0.72,0.88,0.35,0.48,0.29
2025-12-19 11:03:26,41.9,26.4,0.42,0.73,0.98,0.34,0.47,0.27
2025-12-19 11:03:31,41.5,26.7,0.42,0.75,1.04,0.33,0.46,0.27
2025-12-19 11:03:37,41.3,27.0,0.45,0.73,0.89,0.35,0.48,0.28
2025-12-19 11:03:42,41.1,27.2,0.45,0.73,1.02,0.32,0.47,0.28
2025-12-19 11:03:47,40.6,27.8,0.43,0.75,0.88,0.35,0.46,0.28
2025-12-19 11:03:52,40.4,27.9,0.44,0.74,0.99,0.33,0.46,0.27
2025-12-19 11:03:58,40.2,28.1,0.46,0.74,0.95,0.33,0.48,0.28
2025-12-19 11:04:03,39.9,28.5,0.45,0.74,1.03,0.33,0.47,0.28
2025-12-19 11:04:08,39.6,28.6,0.47,0.72,0.87,0.35,0.49,0.28
2025-12-19 11:04:13,39.4,28.9,0.49,0.74,0.92,0.32,0.47,0.3
2025-12-19 11:04:19,39.3,29.5,0.48,0.73,0.91,0.33,0.48,0.27
2025-12-19 11:04:24,38.9,29.5,0.49,0.73,1.04,0.35,0.49,0.27
2025-12-19 11:04:29,38.7,29.9,0.48,0.72,1.01,0.32,0.48,0.28
2025-12-19 11:04:34,38.5,30.3,0.49,0.73,1.04,0.34,0.49,0.29
2025-12-19 11:04:41,38.5,30.3,0.5,0.73,1.03,0.34,0.48,0.29
2025-12-19 11:04:46,38.2,30.3,0.47,0.69,0.95,0.33,0.47,0.27
2025-12-19 11:04:51,37.9,30.9,0.48,0.71,1.02,0.33,0.47,0.27
2025-12-19 11:04:57,37.9,30.9,0.49,0.72,1.04,0.32,0.47,0.29
2025-12-19 11:05:03,37.6,31.6,0.49,0.71,0.94,0.34,0.48,0.28
2025-12-19 11:05:08,37.4,31.9,0.51,0.72,0.87,0.31,0.48,0.29
2025-12-19 11:05:13,37.0,32.0,0.49,0.72,1.01,0.32,0.48,0.29
2025-12-19 11:05:18,36.9,32.3,0.48,0.72,0.88,0.32,0.47,0.28
2025-12-19 11:05:24,36.7,32.4,0.5,0.71,0.9,0.32,0.48,0.29
2025-12-19 11:05:29,36.5,32.7,0.49,0.71,1.03,0.34,0.5,0.27
2025-12-19 11:05:34,36.3,33.0,0.47,0.69,0.91,0.32,0.48,0.29
2025-12-19 11:05:39,36.2,33.1,0.48,0.69,0.96,0.31,0.47,0.27
2025-12-19 11:05:45,36.1,33.3,0.48,0.69,0.86,0.33,0.49,0.27
2025-12-19 11:05:50,35.9,33.6,0.45,0.68,0.97,0.33,0.5,0.28
2025-12-19 11:05:55,35.8,33.7,0.45,0.72,1.03,0.32,0.48,0.3
2025-12-19 11:06:01,35.6,33.9,0.45,0.68,0.93,0.32,0.48,0.3
2025-12-19 11:06:06,35.5,34.0,0.47,0.72,1.04,0.34,0.49,0.27
2025-12-19 11:06:11,35.5,34.1,0.47,0.69,0.94,0.34,0.5,0.28
2025-12-19 11:06:16,35.3,34.4,0.45,0.72,1.01,0.34,0.5,0.29
2025-12-19 11:06:22,35.2,34.6,0.45,0.71,0.97,0.32,0.48,0.28
2025-12-19 11:06:27,35.1,35.0,0.46,0.7,1.0,0.34,0.49,0.27
2025-12-19 11:06:32,35.0,34.8,0.45,0.71,0.97,0.33,0.5,0.29
2025-12-19 11:06:37,34.9,35.2,0.46,0.74,1.03,0.34,0.49,0.27
2025-12-19 11:06:43,34.8,35.4,0.45,0.72,0.86,0.32,0.48,0.28
2025-12-19 11:06:48,34.7,35.7,0.46,0.7,0.87,0.31,0.49,0.3
2025-12-19 11:06:53,34.6,35.6,0.45,0.67,0.88,0.32,0.48,0.29
2025-12-19 11:06:58,34.6,35.6,0.44,0.66,0.89,0.33,0.5,0.3
2025-12-19 11:07:04,34.5,35.8,0.45,0.67,0.88,0.34,0.47,0.3
2025-12-19 11:07:09,34.4,35.7,0.43,0.68,0.94,0.32,0.49,0.29
2025-12-19 11:07:14,34.3,35.9,0.44,0.67,0.98,0.32,0.48,0.29
2025-12-19 11:07:19,34.3,36.2,0.45,0.67,0.99,0.32,0.48,0.29
2025-12-19 11:07:25,34.2,36.3,0.44,0.66,0.99,0.32,0.48,0.28
2025-12-19 11:07:30,34.1,36.3,0.43,0.66,0.86,0.34,0.48,0.28
2025-12-19 11:07:35,34.1,36.4,0.45,0.68,0.86,0.34,0.49,0.29
2025-12-19 11:07:40,34.0,36.6,0.45,0.65,0.89,0.34,0.48,0.27
2025-12-19 11:07:46,33.9,36.8,0.44,0.68,0.9,0.34,0.5,0.27
2025-12-19 11:07:51,33.9,36.9,0.44,0.68,0.95,0.34,0.48,0.27
2025-12-19 11:07:56,33.8,37.1,0.43,0.66,0.89,0.34,0.5,0.3
2025-12-19 11:08:01,33.8,37.2,0.42,0.69,0.96,0.32,0.48,0.27
2025-12-19 11:08:07,33.7,37.1,0.44,0.68,1.0,0.31,0.5,0.27
2025-12-19 11:08:12,33.7,37.3,0.42,0.67,0.98,0.33,0.48,0.27
2025-12-19 11:08:17,33.5,37.5,0.42,0.66,0.94,0.33,0.5,0.27
2025-12-19 11:08:23,33.5,37.5,0.44,0.68,0.85,0.31,0.48,0.27
2025-12-19 11:08:28,33.5,37.5,0.44,0.67,0.87,0.34,0.5,0.3
2025-12-19 11:08:33,33.4,37.7,0.43,0.64,0.88,0.33,0.48,0.27
2025-12-19 11:08:38,33.4,37.8,0.42,0.67,0.94,0.33,0.5,0.3
2025-12-19 11:08:44,33.4,37.8,0.42,0.65,0.87,0.33,0.49,0.29
2025-12-19 11:08:49,33.3,37.8,0.42,0.67,1.03,0.32,0.49,0.3
2025-12-19 11:08:54,33.3,38.0,0.43,0.68,0.86,0.34,0.48,0.27
2025-12-19 11:08:59,33.3,37.9,0.44,0.7,0.95,0.32,0.48,0.29
2025-12-19 11:09:05,33.2,38.1,0.42,0.72,1.02,0.32,0.48,0.29
2025-12-19 11:09:10,33.2,37.9,0.42,0.72,1.03,0.33,0.5,0.27
2025-12-19 11:09:15,33.1,38.3,0.41,0.7,0.89,0.33,0.5,0.29
2025-12-19 11:09:20,33.0,38.4,0.44,0.71,0.97,0.31,0.5,0.27
2025-12-19 11:09:26,33.1,38.4,0.44,0.71,1.04,0.32,0.49,0.28
2025-12-19 11:09:31,33.0,38.5,0.43,0.71,0.91,0.33,0.5,0.3
2025-12-19 11:09:36,32.9,38.7,0.44,0.71,1.02,0.34,0.48,0.28
2025-12-19 11:09:41,32.9,38.6,0.44,0.7,1.03,0.34,0.48,0.28
2025-12-19 11:09:47,32.9,38.7,0.42,0.7,0.86,0.34,0.5,0.29
2025-12-19 11:09:52,32.8,38.8,0.42,0.7,1.03,0.32,0.48,0.28
2025-12-19 11:09:57,32.8,38.9,0.44,0.71,1.0,0.32,0.49,0.3
2025-12-19 11:10:02,32.8,39.0,0.44,0.7,0.87,0.32,0.5,0.29
2025-12-19 11:10:08,32.8,39.0,0.43,0.67,0.93,0.33,0.49,0.3
2025-12-19 11:10:13,32.8,39.2,0.41,0.69,0.86,0.32,0.5,0.27
2025-12-19 11:10:18,32.7,39.1,0.43,0.67,0.93,0.31,0.48,0.27
2025-12-19 11:10:24,32.7,39.2,0.42,0.68,1.02,0.31,0.48,0.27
2025-12-19 11:10:29,32.6,39.3,0.4,0.69,1.0,0.31,0.5,0.29
2025-12-19 11:10:34,32.7,39.4,0.41,0.68,0.86,0.34,0.5,0.28
2025-12-19 11:10:39,32.6,39.3,0.4,0.69,0.99,0.31,0.51,0.29
2025-12-19 11:10:45,32.7,39.3,0.41,0.67,0.9,0.31,0.48,0.28
2025-12-19 11:10:50,32.6,39.4,0.42,0.68,1.04,0.33,0.48,0.3
2025-12-19 11:10:55,32.5,39.5,0.42,0.68,0.96,0.32,0.51,0.28
2025-12-19 11:11:00,32.6,39.4,0.42,0.69,1.03,0.31,0.48,0.27
2025-12-19 11:11:06,32.5,39.4,0.4,0.67,0.99,0.32,0.49,0.28
2025-12-19 11:11:11,32.5,39.6,0.41,0.68,0.9,0.32,0.48,0.28
2025-12-19 11:11:16,32.5,39.4,0.4,0.7,1.04,0.31,0.49,0.28
2025-12-19 11:11:21,32.4,39.4,0.41,0.7,0.9,0.31,0.48,0.28
2025-12-19 11:11:27,32.5,39.5,0.41,0.71,1.01,0.33,0.51,0.29
2025-12-19 11:11:32,32.5,39.7,0.42,0.68,0.99,0.32,0.51,0.29
2025-12-19 11:11:37,32.5,39.9,0.42,0.67,0.95,0.31,0.48,0.28
2025-12-19 11:11:42,32.5,40.0,0.4,0.66,0.87,0.31,0.49,0.27
2025-12-19 11:11:48,32.4,39.7,0.42,0.68,1.04,0.33,0.5,0.28
2025-12-19 11:11:53,32.4,39.7,0.42,0.67,0.96,0.32,0.48,0.27
2025-12-19 11:11:58,32.4,39.9,0.4,0.68,1.04,0.32,0.48,0.27
2025-12-19 11:12:03,32.4,39.6,0.41,0.67,0.86,0.34,0.51,0.3
2025-12-19 11:12:09,32.4,40.0,0.42,0.68,0.98,0.33,0.5,0.29
2025-12-19 11:12:14,32.4,39.8,0.4,0.68,1.04,0.32,0.5,0.3
2025-12-19 11:12:19,32.4,39.9,0.41,0.65,1.03,0.32,0.49,0.29
2025-12-19 11:12:24,32.4,40.1,0.42,0.68,0.86,0.33,0.49,0.27
2025-12-19 11:12:30,32.4,40.1,0.42,0.65,1.01,0.33,0.5,0.29
2025-12-19 11:12:35,32.3,39.9,0.42,0.67,1.04,0.32,0.49,0.29
2025-12-19 11:12:40,32.4,40.0,0.41,0.67,1.01,0.32,0.5,0.28
2025-12-19 11:12:45,32.3,40.0,0.4,0.65,0.9,0.32,0.5,0.29
2025-12-19 11:12:51,32.4,40.2,0.42,0.65,0.87,0.33,0.49,0.29
2025-12-19 11:12:56,32.2,40.1,0.42,0.65,0.89,0.33,0.51,0.28
2025-12-19 11:13:01,32.3,39.8,0.4,0.66,1.03,0.31,0.49,0.28
2025-12-19 11:13:07,32.3,40.4,0.43,0.67,1.04,0.32,0.51,0.28
2025-12-19 11:13:12,32.2,40.4,0.42,0.65,0.96,0.33,0.5,0.27
2025-12-19 11:13:17,32.2,40.3,0.42,0.67,0.96,0.33,0.51,0.27
2025-12-19 11:13:22,32.2,40.3,0.41,0.65,0.89,0.31,0.49,0.29
2025-12-19 11:13:28,32.1,40.2,0.42,0.65,0.93,0.31,0.48,0.29
2025-12-19 11:13:33,32.2,40.2,0.4,0.66,0.87,0.34,0.51,0.27
2025-12-19 11:13:38,32.1,40.4,0.42,0.66,0.91,0.31,0.49,0.28
2025-12-19 11:13:43,32.2,40.3,0.42,0.65,1.04,0.32,0.5,0.29
2025-12-19 11:13:49,32.1,40.5,0.43,0.64,0.93,0.31,0.49,0.28
2025-12-19 11:13:54,32.1,40.8,0.41,0.65,1.02,0.32,0.5,0.3
2025-12-19 11:13:59,32.2,40.6,0.43,0.66,0.97,0.31,0.5,0.3
2025-12-19 11:14:04,32.1,40.4,0.42,0.64,0.88,0.32,0.49,0.29
2025-12-19 11:14:10,32.1,40.4,0.4,0.64,0.86,0.31,0.49,0.29
2025-12-19 11:14:15,32.1,40.8,0.41,0.64,1.03,0.31,0.49,0.3
2025-12-19 11:14:20,32.1,40.5,0.4,0.66,0.95,0.34,0.5,0.27
2025-12-19 11:14:25,32.1,40.8,0.41,0.66,1.03,0.32,0.49,0.3
2025-12-19 11:14:31,32.1,40.5,0.42,0.65,1.03,0.32,0.5,0.27
2025-12-19 11:14:36,32.1,40.5,0.42,0.65,1.04,0.33,0.51,0.28
2025-12-19 11:14:41,32.0,40.7,0.4,0.65,1.04,0.33,0.51,0.29
2025-12-19 11:14:46,32.1,40.5,0.42,0.66,1.0,0.32,0.49,0.29
2025-12-19 11:14:52,32.1,40.4,0.4,0.66,1.02,0.31,0.5,0.27
2025-12-19 11:14:57,32.1,40.6,0.42,0.66,1.04,0.32,0.51,0.3
2025-12-19 11:15:02,32.0,40.5,0.42,0.66,1.04,0.33,0.49,0.28
2025-12-19 11:15:08,32.2,40.8,0.42,0.66,0.97,0.31,0.5,0.29
2025-12-19 11:15:13,32.1,40.5,0.42,0.65,0.89,0.31,0.51,0.27
2025-12-19 11:15:18,32.1,40.5,0.42,0.66,1.04,0.34,0.5,0.3
2025-12-19 11:15:23,32.1,40.4,0.4,0.68,1.02,0.33,0.5,0.28
2025-12-19 11:15:29,32.2,40.7,0.42,0.67,0.9,0.33,0.51,0.3
2025-12-19 11:15:34,32.1,40.5,0.4,0.69,1.04,0.33,0.5,0.29
2025-12-19 11:15:39,32.1,40.4,0.41,0.68,1.04,0.32,0.49,0.27
2025-12-19 11:15:44,32.1,40.5,0.4,0.66,0.87,0.31,0.49,0.27
2025-12-19 11:15:50,32.1,40.5,0.4,0.68,1.03,0.32,0.51,0.3
2025-12-19 11:15:55,32.1,40.7,0.42,0.66,1.02,0.31,0.49,0.27
2025-12-19 11:16:00,32.0,40.6,0.4,0.67,0.97,0.31,0.5,0.28
2025-12-19 11:16:06,32.0,40.6,0.4,0.65,0.86,0.33,0.51,0.29
2025-12-19 11:16:12,32.0,40.7,0.42,0.66,1.01,0.32,0.5,0.29
2025-12-19 11:16:17,32.0,40.5,0.42,0.67,0.9,0.33,0.51,0.29
2025-12-19 11:16:22,32.1,40.5,0.41,0.67,0.95,0.34,0.51,0.27
2025-12-19 11:16:27,32.0,40.5,0.4,0.68,1.03,0.31,0.5,0.29
2025-12-19 11:16:33,32.0,40.8,0.4,0.68,1.04,0.31,0.49,0.27
2025-12-19 11:16:39,32.0,40.8,0.42,0.65,0.98,0.31,0.51,0.28
2025-12-19 11:16:44,32.0,40.7,0.4,0.67,1.04,0.31,0.49,0.27
2025-12-19 11:16:49,32.1,40.7,0.42,0.65,0.92,0.32,0.51,0.3
2025-12-19 11:16:55,32.0,40.6,0.42,0.66,0.86,0.34,0.5,0.3
2025-12-19 11:17:00,32.0,40.7,0.4,0.65,1.02,0.32,0.49,0.27
2025-12-19 11:17:05,32.0,40.6,0.41,0.65,1.04,0.33,0.51,0.27
2025-12-19 11:17:10,32.0,40.6,0.41,0.67,1.03,0.32,0.5,0.3
2025-12-19 11:17:16,32.0,40.8,0.42,0.65,1.04,0.33,0.49,0.29
2025-12-19 11:17:21,32.1,40.6,0.4,0.66,1.03,0.33,0.51,0.3
2025-12-19 11:17:26,31.9,40.7,0.4,0.65,0.92,0.33,0.5,0.29
2025-12-19 11:17:32,32.0,40.7,0.41,0.67,0.87,0.33,0.5,0.28
2025-12-19 11:17:37,32.1,40.9,0.41,0.65,0.89,0.31,0.51,0.29
2025-12-19 11:17:42,31.9,40.6,0.4,0.67,1.04,0.33,0.51,0.28
2025-12-19 11:17:47,32.0,40.6,0.41,0.66,0.88,0.31,0.49,0.28
2025-12-19 11:17:53,32.0,40.8,0.42,0.65,0.88,0.33,0.49,0.3
2025-12-19 11:17:58,32.1,40.7,0.42,0.64,0.9,0.31,0.49,0.27
2025-12-19 11:18:03,32.0,40.7,0.42,0.66,0.97,0.31,0.51,0.28
2025-12-19 11:18:08,32.0,40.7,0.4,0.66,1.04,0.31,0.52,0.3
2025-12-19 11:18:14,32.0,40.7,0.4,0.66,0.94,0.32,0.52,0.28
2025-12-19 11:18:19,32.0,40.6,0.4,0.67,1.02,0.32,0.49,0.28
2025-12-19 11:18:24,32.0,40.8,0.4,0.66,0.88,0.32,0.49,0.27
2025-12-19 11:18:29,32.0,40.8,0.42,0.65,0.9,0.33,0.51,0.28
2025-12-19 11:18:35,32.0,40.7,0.4,0.67,0.96,0.31,0.49,0.27
2025-12-19 11:18:40,32.0,40.8,0.41,0.67,0.94,0.32,0.52,0.29
2025-12-19 11:18:45,32.0,40.8,0.42,0.66,0.96,0.32,0.5,0.29
2025-12-19 11:18:50,32.1,40.6,0.42,0.67,1.02,0.31,0.49,0.27
2025-12-19 11:18:56,32.0,40.8,0.4,0.68,1.0,0.31,0.5,0.27
2025-12-19 11:19:01,32.1,40.7,0.4,0.68,1.0,0.34,0.51,0.3
2025-12-19 11:19:06,32.0,40.7,0.42,0.67,1.03,0.34,0.52,0.3
2025-12-19 11:19:11,32.0,40.7,0.4,0.66,0.87,0.33,0.51,0.3
2025-12-19 11:19:18,32.0,40.7,0.42,0.66,0.86,0.34,0.51,0.29
2025-12-19 11:19:23,32.0,40.5,0.41,0.67,0.98,0.33,0.51,0.28
2025-12-19 11:19:28,32.0,40.5,0.4,0.67,0.87,0.32,0.5,0.28
2025-12-19 11:19:33,32.1,40.6,0.4,0.68,1.0,0.34,0.52,0.3
2025-12-19 11:19:39,32.0,40.8,0.42,0.67,0.98,0.32,0.52,0.29
2025-12-19 11:19:44,32.0,40.4,0.41,0.68,0.87,0.34,0.51,0.28
2025-12-19 11:19:49,32.0,40.6,0.41,0.68,0.98,0.31,0.5,0.27
2025-12-19 11:19:55,32.0,40.7,0.4,0.67,1.04,0.32,0.5,0.29
2025-12-19 11:20:00,32.0,40.7,0.42,0.65,0.89,0.31,0.5,0.27
2025-12-19 11:20:05,32.0,40.6,0.4,0.66,0.94,0.33,0.53,0.3
2025-12-19 11:20:10,32.0,40.7,0.42,0.66,0.95,0.31,0.5,0.27
2025-12-19 11:20:16,32.1,40.7,0.39,0.65,0.91,0.33,0.51,0.3
2025-12-19 11:20:21,32.0,40.8,0.41,0.64,0.93,0.33,0.52,0.29
2025-12-19 11:20:26,32.0,40.7,0.4,0.66,1.03,0.32,0.52,0.29
2025-12-19 11:20:31,32.1,40.6,0.41,0.66,0.86,0.33,0.52,0.27
2025-12-19 11:20:37,32.1,40.9,0.4,0.65,0.95,0.33,0.53,0.28
2025-12-19 11:20:42,32.0,40.7,0.42,0.64,0.86,0.33,0.53,0.29
2025-12-19 11:20:47,32.0,40.9,0.42,0.64,0.98,0.32,0.5,0.29
2025-12-19 11:20:52,32.1,40.8,0.4,0.66,0.93,0.33,0.5,0.27
2025-12-19 11:20:58,32.1,40.6,0.4,0.66,0.87,0.33,0.52,0.29
2025-12-19 11:21:03,32.1,40.7,0.42,0.66,0.89,0.33,0.51,0.27
2025-12-19 11:21:08,32.1,40.6,0.41,0.66,1.03,0.32,0.5,0.27
2025-12-19 11:21:13,32.1,40.6,0.4,0.66,1.03,0.31,0.53,0.3
2025-12-19 11:21:19,32.1,40.6,0.4,0.65,0.89,0.32,0.5,0.27
2025-12-19 11:21:24,32.0,40.7,0.42,0.63,0.96,0.31,0.5,0.29
2025-12-19 11:21:29,32.0,40.8,0.42,0.65,0.96,0.33,0.53,0.3
2025-12-19 11:21:34,32.1,40.8,0.41,0.64,0.88,0.31,0.5,0.27
2025-12-19 11:21:40,32.0,40.8,0.41,0.65,1.03,0.32,0.5,0.29
2025-12-19 11:21:45,32.0,40.5,0.4,0.66,1.04,0.32,0.51,0.28
2025-12-19 11:21:50,32.1,40.7,0.4,0.65,1.01,0.33,0.52,0.28
2025-12-19 11:21:55,32.0,40.8,0.42,0.64,0.96,0.31,0.5,0.27
2025-12-19 11:22:01,32.0,40.9,0.42,0.64,0.94,0.33,0.53,0.29
2025-12-19 11:22:06,32.2,40.6,0.42,0.64,0.95,0.31,0.52,0.29
2025-12-19 11:22:11,32.1,40.5,0.41,0.63,0.89,0.33,0.51,0.27
2025-12-19 11:22:17,32.1,40.4,0.42,0.63,0.91,0.33,0.53,0.29
2025-12-19 11:22:22,32.1,40.7,0.42,0.64,1.04,0.31,0.52,0.28
2025-12-19 11:22:27,32.1,40.6,0.4,0.64,0.89,0.34,0.51,0.29
2025-12-19 11:22:32,32.1,40.6,0.39,0.64,1.02,0.32,0.52,0.29
2025-12-19 11:22:38,32.1,40.7,0.4,0.62,0.86,0.34,0.53,0.3
2025-12-19 11:22:43,32.1,40.6,0.4,0.64,0.87,0.32,0.52,0.29
2025-12-19 11:22:48,32.1,40.6,0.41,0.61,0.89,0.33,0.53,0.29
2025-12-19 11:22:53,32.1,40.6,0.41,0.62,0.93,0.32,0.53,0.29
2025-12-19 11:22:59,32.1,40.6,0.41,0.64,0.96,0.33,0.51,0.29
2025-12-19 11:23:04,32.1,40.5,0.41,0.64,1.03,0.33,0.51,0.28
2025-12-19 11:23:09,32.1,40.6,0.4,0.63,1.04,0.33,0.52,0.3
2025-12-19 11:23:14,32.1,40.5,0.42,0.63,1.04,0.34,0.53,0.28
2025-12-19 11:23:20,32.1,40.6,0.4,0.63,0.95,0.33,0.51,0.29
2025-12-19 11:23:25,32.1,40.5,0.42,0.61,0.93,0.33,0.53,0.3
2025-12-19 11:23:30,32.1,40.6,0.4,0.63,0.9,0.32,0.51,0.27
2025-12-19 11:23:35,32.1,40.3,0.42,0.61,0.88,0.33,0.53,0.29
2025-12-19 11:23:41,32.1,40.5,0.4,0.61,0.87,0.33,0.51,0.27
2025-12-19 11:23:46,32.1,40.6,0.41,0.62,1.03,0.33,0.52,0.29
2025-12-19 11:23:51,32.0,40.4,0.4,0.62,0.95,0.31,0.51,0.28
2025-12-19 11:23:56,32.1,40.5,0.4,0.62,0.91,0.33,0.52,0.28
2025-12-19 11:24:02,32.1,40.7,0.41,0.6,0.95,0.31,0.52,0.3
2025-12-19 11:24:07,32.1,40.7,0.42,0.61,0.99,0.31,0.51,0.27
2025-12-19 11:24:12,32.1,40.6,0.39,0.61,0.87,0.33,0.52,0.28
2025-12-19 11:24:18,32.2,40.5,0.42,0.6,0.87,0.31,0.53,0.3
2025-12-19 11:24:24,32.2,40.5,0.41,0.62,1.02,0.33,0.53,0.3
2025-12-19 11:24:29,32.0,40.8,0.4,0.6,0.98,0.33,0.51,0.27
2025-12-19 11:24:34,32.1,40.7,0.41,0.6,0.87,0.33,0.52,0.29
2025-12-19 11:24:40,32.0,40.6,0.4,0.62,1.02,0.31,0.53,0.29
2025-12-19 11:24:45,32.1,40.6,0.39,0.62,0.99,0.31,0.51,0.27
2025-12-19 11:24:50,32.1,40.6,0.4,0.62,0.99,0.31,0.52,0.28
2025-12-19 11:24:55,32.1,40.7,0.4,0.61,0.95,0.34,0.53,0.3
2025-12-19 11:25:01,32.1,40.8,0.42,0.61,0.89,0.34,0.53,0.3
2025-12-19 11:25:06,32.1,40.6,0.42,0.61,1.04,0.32,0.52,0.29
2025-12-19 11:25:11,32.1,40.6,0.39,0.62,0.93,0.34,0.52,0.29
2025-12-19 11:25:16,32.2,40.7,0.41,0.62,0.98,0.31,0.53,0.29
2025-12-19 11:25:22,32.1,40.5,0.4,0.62,1.0,0.33,0.52,0.29
2025-12-19 11:25:27,32.1,40.4,0.41,0.62,1.0,0.32,0.51,0.29
2025-12-19 11:25:32,32.1,40.8,0.42,0.62,0.93,0.34,0.53,0.28
2025-12-19 11:25:37,32.2,40.5,0.4,0.6,0.86,0.34,0.52,0.29
2025-12-19 11:25:43,32.1,40.6,0.41,0.61,0.89,0.33,0.53,0.3
2025-12-19 11:25:48,32.1,40.7,0.4,0.61,0.96,0.31,0.51,0.27
2025-12-19 11:25:53,32.1,40.5,0.4,0.62,0.98,0.31,0.53,0.29
2025-12-19 11:25:58,32.1,40.8,0.4,0.62,0.99,0.34,0.53,0.29
2025-12-19 11:26:04,32.1,40.6,0.41,0.62,0.97,0.32,0.53,0.27
2025-12-19 11:26:09,32.1,40.5,0.39,0.61,0.88,0.34,0.53,0.3
2025-12-19 11:26:14,32.1,40.5,0.4,0.62,1.04,0.31,0.53,0.3
2025-12-19 11:26:19,32.1,40.7,0.4,0.62,0.97,0.33,0.51,0.3
2025-12-19 11:26:25,32.2,40.6,0.42,0.6,0.92,0.32,0.51,0.27
2025-12-19 11:26:30,32.1,40.8,0.4,0.61,0.94,0.33,0.51,0.27
2025-12-19 11:26:35,32.1,40.3,0.4,0.61,0.9,0.33,0.52,0.27
2025-12-19 11:26:41,32.1,40.6,0.42,0.6,1.02,0.32,0.51,0.28
2025-12-19 11:26:46,32.1,40.8,0.41,0.61,0.96,0.32,0.51,0.3
2025-12-19 11:26:51,32.1,40.6,0.4,0.6,0.96,0.33,0.52,0.29
2025-12-19 11:26:56,32.1,40.5,0.42,0.61,0.92,0.32,0.51,0.27
2025-12-19 11:27:02,32.1,40.7,0.4,0.62,1.0,0.33,0.52,0.29
2025-12-19 11:27:07,32.1,40.5,0.41,0.62,0.9,0.33,0.51,0.27
2025-12-19 11:27:12,32.1,40.8,0.4,0.6,0.92,0.33,0.53,0.3
2025-12-19 11:27:17,32.1,40.7,0.41,0.61,1.04,0.32,0.52,0.29
2025-12-19 11:27:23,32.2,40.6,0.4,0.6,1.04,0.32,0.52,0.28
2025-12-19 11:27:28,32.1,40.5,0.41,0.62,0.87,0.32,0.51,0.27
2025-12-19 11:27:33,32.1,40.7,0.41,0.62,0.99,0.31,0.52,0.28
2025-12-19 11:27:38,32.1,40.4,0.4,0.6,0.9,0.33,0.51,0.27
2025-12-19 11:27:44,32.1,40.8,0.4,0.6,1.02,0.31,0.51,0.28
2025-12-19 11:27:49,32.1,40.6,0.42,0.6,1.02,0.31,0.53,0.27
2025-12-19 11:27:54,32.1,40.3,0.4,0.62,1.01,0.33,0.52,0.3
2025-12-19 11:27:59,32.1,40.5,0.42,0.6,0.97,0.33,0.51,0.29
2025-12-19 11:28:05,32.1,40.4,0.42,0.62,0.89,0.33,0.52,0.28
2025-12-19 11:28:10,32.1,40.7,0.42,0.62,1.0,0.32,0.51,0.3
2025-12-19 11:28:15,32.1,40.4,0.4,0.62,0.96,0.32,0.52,0.28
2025-12-19 11:28:20,32.1,40.5,0.39,0.63,1.04,0.32,0.51,0.29
2025-12-19 11:28:26,32.1,40.7,0.41,0.62,0.86,0.31,0.51,0.28
2025-12-19 11:28:31,32.1,40.6,0.41,0.62,0.99,0.34,0.53,0.3
2025-12-19 11:28:37,32.1,40.6,0.41,0.62,1.03,0.31,0.51,0.28
2025-12-19 11:28:42,32.1,40.5,0.41,0.62,0.96,0.33,0.53,0.3
2025-12-19 11:28:48,32.1,40.3,0.4,0.6,0.98,0.32,0.51,0.28
2025-12-19 11:28:53,32.1,40.5,0.41,0.61,0.87,0.33,0.52,0.28
2025-12-19 11:28:58,32.1,40.4,0.4,0.61,1.02,0.31,0.53,0.28
2025-12-19 11:29:04,32.1,40.7,0.41,0.62,0.93,0.33,0.52,0.3
2025-12-19 11:29:09,32.1,40.5,0.4,0.61,0.94,0.31,0.53,0.28
2025-12-19 11:29:14,32.2,40.3,0.42,0.59,0.95,0.31,0.53,0.28
2025-12-19 11:29:19,32.2,40.7,0.4,0.61,0.95,0.31,0.52,0.27
2025-12-19 11:29:25,32.1,40.4,0.4,0.61,1.03,0.31,0.51,0.28
2025-12-19 11:29:30,32.1,40.5,0.42,0.62,0.91,0.34,0.52,0.27
2025-12-19 11:29:35,32.1,40.3,0.42,0.62,1.02,0.31,0.53,0.28
2025-12-19 11:29:40,32.1,40.3,0.41,0.6,0.86,0.32,0.52,0.28
2025-12-19 11:29:46,32.1,40.6,0.4,0.6,1.04,0.31,0.53,0.28
2025-12-19 11:29:51,32.1,40.5,0.41,0.59,1.0,0.31,0.53,0.3
2025-12-19 11:29:56,32.1,40.1,0.41,0.61,1.04,0.31,0.53,0.3
2025-12-19 11:30:01,32.2,40.2,0.39,0.6,0.87,0.34,0.53,0.3
2025-12-19 11:30:07,32.1,40.4,0.4,0.6,1.0,0.31,0.51,0.3
2025-12-19 11:30:12,32.2,40.5,0.4,0.61,1.03,0.32,0.51,0.29
2025-12-19 11:30:17,32.1,40.3,0.4,0.59,0.98,0.33,0.51,0.3
2025-12-19 11:30:22,32.1,40.6,0.4,0.6,0.94,0.32,0.53,0.29
2025-12-19 11:30:28,32.1,40.5,0.41,0.59,0.9,0.33,0.53,0.28
2025-12-19 11:30:33,32.1,40.6,0.41,0.61,1.01,0.31,0.53,0.28
2025-12-19 11:30:38,32.1,40.6,0.42,0.61,0.92,0.32,0.53,0.3
2025-12-19 11:30:43,32.1,40.5,0.42,0.59,0.88,0.32,0.53,0.3
2025-12-19 11:30:49,32.1,40.8,0.41,0.59,0.99,0.32,0.51,0.28
2025-12-19 11:30:54,32.1,40.7,0.42,0.61,0.97,0.34,0.51,0.27
2025-12-19 11:30:59,32.1,40.7,0.41,0.59,0.97,0.32,0.52,0.28
2025-12-19 11:31:04,32.1,40.6,0.41,0.59,1.04,0.33,0.51,0.29
2025-12-19 11:31:10,32.2,40.6,0.4,0.59,1.02,0.31,0.52,0.27
2025-12-19 11:31:15,32.1,40.5,0.42,0.6,0.91,0.33,0.53,0.27
2025-12-19 11:31:21,32.1,40.5,0.4,0.61,0.99,0.31,0.51,0.27
2025-12-19 11:31:27,32.1,40.6,0.42,0.59,1.03,0.32,0.52,0.29
2025-12-19 11:31:32,32.2,40.5,0.42,0.58,0.99,0.31,0.53,0.28
2025-12-19 11:31:37,32.1,40.5,0.4,0.61,0.87,0.32,0.51,0.3
2025-12-19 11:31:42,32.1,40.5,0.41,0.61,0.95,0.34,0.53,0.27
2025-12-19 11:31:48,32.1,40.4,0.39,0.61,1.03,0.32,0.51,0.27
2025-12-19 11:31:53,32.1,40.7,0.42,0.58,0.93,0.32,0.52,0.28
2025-12-19 11:31:58,32.1,40.5,0.41,0.59,0.98,0.32,0.54,0.28
2025-12-19 11:32:03,32.1,40.5,0.4,0.59,0.89,0.34,0.51,0.28
2025-12-19 11:32:09,32.1,40.3,0.42,0.6,0.95,0.31,0.51,0.29
2025-12-19 11:32:14,32.1,40.3,0.42,0.59,0.87,0.31,0.54,0.3
2025-12-19 11:32:19,32.2,40.3,0.42,0.58,0.9,0.33,0.52,0.3
2025-12-19 11:32:24,32.1,40.6,0.41,0.59,1.02,0.32,0.51,0.28
2025-12-19 11:32:30,32.2,40.4,0.42,0.59,1.01,0.31,0.53,0.28
2025-12-19 11:32:35,32.1,40.5,0.4,0.6,0.92,0.33,0.54,0.3
2025-12-19 11:32:40,32.2,40.5,0.42,0.58,1.04,0.31,0.53,0.3
2025-12-19 11:32:45,32.1,40.4,0.4,0.59,0.88,0.33,0.51,0.27
2025-12-19 11:32:51,32.1,40.5,0.41,0.58,0.95,0.31,0.51,0.29
2025-12-19 11:32:56,32.1,40.5,0.41,0.59,0.92,0.34,0.53,0.29
2025-12-19 11:33:01,32.2,40.6,0.42,0.58,0.97,0.33,0.53,0.3
2025-12-19 11:33:06,32.2,40.5,0.39,0.58,1.04,0.31,0.53,0.28
2025-12-19 11:33:12,32.0,40.4,0.39,0.6,0.97,0.33,0.53,0.28
2025-12-19 11:33:17,32.2,40.5,0.4,0.59,0.87,0.31,0.53,0.29
2025-12-19 11:33:22,32.2,40.6,0.4,0.6,1.04,0.32,0.54,0.28
2025-12-19 11:33:28,32.1,40.5,0.41,0.59,1.04,0.32,0.53,0.3
2025-12-19 11:33:33,32.2,40.6,0.4,0.6,1.02,0.31,0.51,0.27
2025-12-19 11:33:38,32.2,40.3,0.4,0.59,0.99,0.31,0.52,0.3
2025-12-19 11:33:43,32.2,40.4,0.41,0.58,1.04,0.33,0.53,0.27
2025-12-19 11:33:49,32.2,40.4,0.4,0.6,0.96,0.31,0.51,0.28
2025-12-19 11:33:54,32.1,40.3,0.39,0.58,0.98,0.31,0.53,0.27
2025-12-19 11:33:59,32.2,40.4,0.4,0.6,0.9,0.33,0.51,0.29
2025-12-19 11:34:04,32.1,40.4,0.4,0.59,0.9,0.33,0.54,0.3
2025-12-19 11:34:10,32.2,40.3,0.4,0.6,0.89,0.33,0.54,0.29
2025-12-19 11:34:15,32.1,40.4,0.4,0.6,0.93,0.33,0.52,0.29
2025-12-19 11:34:20,32.1,40.6,0.42,0.58,1.04,0.31,0.54,0.3
2025-12-19 11:34:25,32.2,40.4,0.42,0.59,1.0,0.31,0.54,0.3
2025-12-19 11:34:31,32.1,40.4,0.42,0.6,0.92,0.33,0.52,0.29
2025-12-19 11:34:36,32.1,40.7,0.41,0.57,0.91,0.33,0.54,0.28
2025-12-19 11:34:41,32.1,40.4,0.41,0.6,0.95,0.33,0.52,0.3
2025-12-19 11:34:46,32.2,40.6,0.4,0.6,1.02,0.33,0.53,0.27
2025-12-19 11:34:52,32.1,40.4,0.4,0.57,0.93,0.33,0.52,0.3
2025-12-19 11:34:57,32.1,40.2,0.39,0.6,0.98,0.33,0.53,0.3
2025-12-19 11:35:02,32.1,40.3,0.4,0.58,0.87,0.33,0.52,0.3
2025-12-19 11:35:07,32.2,40.4,0.41,0.57,0.87,0.33,0.53,0.28
2025-12-19 11:35:13,32.1,40.3,0.42,0.58,0.93,0.31,0.53,0.28
2025-12-19 11:35:18,32.1,40.8,0.4,0.58,0.9,0.32,0.52,0.3
2025-12-19 11:35:23,32.2,40.3,0.4,0.6,0.9,0.33,0.52,0.28
2025-12-19 11:35:28,32.2,40.0,0.42,0.58,0.91,0.33,0.53,0.29
2025-12-19 11:35:34,32.1,40.2,0.4,0.58,0.87,0.33,0.54,0.3
2025-12-19 11:35:39,32.2,40.5,0.42,0.58,1.03,0.31,0.54,0.3
2025-12-19 11:35:44,32.2,40.3,0.42,0.57,1.03,0.32,0.53,0.28
2025-12-19 11:35:50,32.2,40.5,0.41,0.58,0.89,0.32,0.52,0.29
2025-12-19 11:35:55,32.2,40.2,0.4,0.6,0.93,0.31,0.54,0.29
2025-12-19 11:36:00,32.2,40.2,0.41,0.58,0.95,0.33,0.54,0.29
2025-12-19 11:36:05,32.2,40.3,0.41,0.57,0.95,0.34,0.52,0.28
2025-12-19 11:36:11,32.1,40.2,0.42,0.58,0.96,0.32,0.54,0.3
2025-12-19 11:36:16,32.2,40.2,0.39,0.58,1.03,0.31,0.54,0.28
2025-12-19 11:36:21,32.2,40.2,0.41,0.59,0.99,0.31,0.54,0.28
2025-12-19 11:36:26,32.2,40.3,0.41,0.58,1.04,0.33,0.53,0.28
2025-12-19 11:36:32,32.1,40.3,0.41,0.6,0.89,0.32,0.54,0.29
2025-12-19 11:36:37,32.2,40.2,0.41,0.58,0.88,0.31,0.54,0.28
2025-12-19 11:36:42,32.2,40.3,0.42,0.59,0.91,0.32,0.54,0.3
2025-12-19 11:36:47,32.1,40.1,0.4,0.6,1.04,0.32,0.54,0.28
2025-12-19 11:36:53,32.2,40.1,0.42,0.57,0.9,0.33,0.54,0.28
2025-12-19 11:36:58,32.1,40.4,0.41,0.59,0.9,0.32,0.52,0.29
2025-12-19 11:37:03,32.1,40.2,0.4,0.58,0.91,0.34,0.54,0.27
2025-12-19 11:37:08,32.1,40.3,0.4,0.59,0.87,0.32,0.54,0.3
2025-12-19 11:37:14,32.1,40.4,0.41,0.59,0.92,0.32,0.55,0.27
2025-12-19 11:37:19,32.1,40.4,0.42,0.59,1.04,0.31,0.53,0.3
2025-12-19 11:37:24,32.1,40.3,0.4,0.6,1.02,0.31,0.55,0.29
2025-12-19 11:37:29,32.1,40.3,0.39,0.58,1.04,0.33,0.53,0.29
2025-12-19 11:37:35,32.3,40.6,0.4,0.59,0.87,0.33,0.53,0.29
2025-12-19 11:37:40,32.1,40.4,0.41,0.6,0.93,0.33,0.52,0.28
2025-12-19 11:37:45,32.1,40.3,0.42,0.59,0.99,0.32,0.55,0.28
2025-12-19 11:37:50,32.2,40.4,0.4,0.57,0.99,0.33,0.52,0.29
2025-12-19 11:37:56,32.1,40.5,0.42,0.6,0.9,0.33,0.53,0.27
2025-12-19 11:38:01,32.1,40.4,0.4,0.58,0.87,0.32,0.55,0.29
2025-12-19 11:38:06,32.2,40.2,0.39,0.57,1.01,0.33,0.52,0.28
2025-12-19 11:38:12,32.2,40.1,0.41,0.58,0.87,0.32,0.54,0.28
2025-12-19 11:38:17,32.2,40.0,0.4,0.57,1.03,0.31,0.53,0.28
2025-12-19 11:38:22,32.1,40.1,0.42,0.57,0.88,0.33,0.54,0.28
2025-12-19 11:38:27,32.2,40.1,0.42,0.58,0.98,0.33,0.53,0.3
2025-12-19 11:38:33,32.2,40.1,0.42,0.59,1.04,0.32,0.54,0.29
2025-12-19 11:38:38,32.3,40.1,0.41,0.58,0.95,0.32,0.54,0.28
2025-12-19 11:38:43,32.1,40.4,0.39,0.58,0.87,0.31,0.55,0.3
2025-12-19 11:38:48,32.2,40.3,0.4,0.59,0.86,0.33,0.53,0.29
2025-12-19 11:38:54,32.2,40.6,0.42,0.58,0.95,0.33,0.54,0.27
2025-12-19 11:38:59,32.2,40.3,0.41,0.6,1.03,0.31,0.55,0.29
2025-12-19 11:39:04,32.2,40.3,0.4,0.57,0.97,0.31,0.55,0.28
2025-12-19 11:39:09,32.2,40.4,0.39,0.58,1.01,0.31,0.55,0.3
2025-12-19 11:39:15,32.2,40.3,0.41,0.6,0.95,0.32,0.55,0.29
2025-12-19 11:39:20,32.2,40.2,0.39,0.59,0.89,0.33,0.54,0.28
2025-12-19 11:39:25,32.3,40.2,0.4,0.59,0.9,0.33,0.53,0.29
2025-12-19 11:39:30,32.2,40.1,0.4,0.58,0.87,0.31,0.55,0.27
2025-12-19 11:39:36,32.2,40.2,0.41,0.57,0.91,0.32,0.53,0.29
2025-12-19 11:39:41,32.2,40.1,0.41,0.58,0.93,0.31,0.54,0.3
2025-12-19 11:39:46,32.3,40.3,0.39,0.58,1.03,0.32,0.55,0.27
2025-12-19 11:39:51,32.3,40.3,0.4,0.59,0.95,0.34,0.54,0.3
2025-12-19 11:39:57,32.3,40.0,0.39,0.57,0.91,0.33,0.53,0.29
2025-12-19 11:40:02,32.3,40.0,0.39,0.58,0.97,0.31,0.54,0.28
2025-12-19 11:40:07,32.3,40.1,0.42,0.58,0.97,0.32,0.54,0.29
2025-12-19 11:40:12,32.3,39.9,0.41,0.58,1.0,0.31,0.55,0.29
2025-12-19 11:40:18,32.3,40.1,0.41,0.58,0.9,0.31,0.53,0.3
2025-12-19 11:40:23,32.3,39.9,0.4,0.59,0.92,0.32,0.55,0.28
2025-12-19 11:40:28,32.2,39.8,0.4,0.57,0.87,0.33,0.53,0.29
2025-12-19 11:40:34,32.2,39.9,0.41,0.59,1.04,0.34,0.54,0.27
2025-12-19 11:40:39,32.2,40.0,0.41,0.58,1.0,0.31,0.55,0.28
2025-12-19 11:40:44,32.3,40.0,0.41,0.57,1.03,0.33,0.55,0.29
2025-12-19 11:40:49,32.3,39.9,0.39,0.57,1.0,0.31,0.53,0.28
2025-12-19 11:40:55,32.3,40.1,0.39,0.58,0.93,0.33,0.55,0.27
2025-12-19 11:41:00,32.2,40.3,0.42,0.57,0.87,0.32,0.53,0.28
2025-12-19 11:41:05,32.2,40.1,0.39,0.57,1.02,0.33,0.54,0.29
2025-12-19 11:41:10,32.2,40.3,0.41,0.57,1.04,0.33,0.55,0.29
2025-12-19 11:41:16,32.2,40.4,0.39,0.57,1.0,0.34,0.54,0.27
2025-12-19 11:41:21,32.2,40.0,0.39,0.57,1.03,0.33,0.53,0.29
2025-12-19 11:41:26,32.3,40.0,0.41,0.6,1.0,0.32,0.55,0.29
2025-12-19 11:41:31,32.2,40.1,0.4,0.58,0.95,0.33,0.54,0.27
2025-12-19 11:41:37,32.3,40.0,0.42,0.57,1.0,0.33,0.55,0.3
2025-12-19 11:41:42,32.3,40.1,0.39,0.59,0.87,0.32,0.53,0.29
2025-12-19 11:41:47,32.3,39.9,0.41,0.58,1.0,0.33,0.53,0.29
2025-12-19 11:41:52,32.4,40.0,0.4,0.58,0.89,0.32,0.55,0.3
2025-12-19 11:41:58,32.3,39.9,0.4,0.6,0.9,0.31,0.54,0.3
2025-12-19 11:42:03,32.3,39.8,0.41,0.59,1.03,0.33,0.55,0.28
2025-12-19 11:42:08,32.3,39.8,0.4,0.58,0.91,0.31,0.54,0.28
2025-12-19 11:42:13,32.3,40.0,0.41,0.59,0.98,0.33,0.54,0.3
2025-12-19 11:42:19,32.3,39.9,0.41,0.57,1.04,0.33,0.55,0.28
2025-12-19 11:42:24,32.3,39.8,0.41,0.59,0.91,0.34,0.55,0.27
2025-12-19 11:42:29,32.4,39.7,0.41,0.59,1.0,0.31,0.53,0.27
2025-12-19 11:42:34,32.4,40.0,0.39,0.57,1.04,0.32,0.55,0.27
2025-12-19 11:42:40,32.3,40.1,0.42,0.59,1.03,0.32,0.55,0.29
2025-12-19 11:42:45,32.3,40.4,0.4,0.58,0.93,0.31,0.54,0.28
2025-12-19 11:42:50,32.3,40.1,0.41,0.6,1.02,0.33,0.53,0.28
2025-12-19 11:42:56,32.3,40.1,0.39,0.6,0.89,0.32,0.53,0.28
2025-12-19 11:43:01,32.3,40.0,0.39,0.59,0.91,0.32,0.54,0.3
2025-12-19 11:43:06,32.3,40.2,0.4,0.58,0.92,0.33,0.55,0.27
2025-12-19 11:43:11,32.3,40.3,0.41,0.57,0.96,0.31,0.53,0.28
2025-12-19 11:43:17,32.3,40.3,0.4,0.58,1.02,0.33,0.53,0.29
2025-12-19 11:43:22,32.2,39.9,0.39,0.58,1.0,0.33,0.55,0.29
2025-12-19 11:43:27,32.3,40.2,0.41,0.6,0.9,0.31,0.55,0.29
2025-12-19 11:43:32,32.2,40.2,0.4,0.59,0.87,0.34,0.53,0.3
2025-12-19 11:43:38,32.2,40.2,0.4,0.58,1.01,0.31,0.55,0.3
2025-12-19 11:43:43,32.2,40.3,0.39,0.58,0.95,0.34,0.54,0.28
2025-12-19 11:43:48,32.2,40.1,0.4,0.59,0.97,0.31,0.54,0.29
2025-12-19 11:43:53,32.3,40.3,0.39,0.57,0.92,0.33,0.53,0.28
2025-12-19 11:43:59,32.2,40.3,0.41,0.58,1.04,0.33,0.53,0.27
2025-12-19 11:44:04,32.2,40.3,0.4,0.6,0.89,0.31,0.55,0.29
2025-12-19 11:44:09,32.2,40.2,0.39,0.57,1.03,0.32,0.55,0.27
2025-12-19 11:44:14,32.2,40.4,0.4,0.57,1.04,0.34,0.53,0.3
2025-12-19 11:44:20,32.1,40.5,0.41,0.58,0.95,0.34,0.55,0.28
2025-12-19 11:44:25,32.2,40.4,0.41,0.57,1.01,0.31,0.54,0.3
2025-12-19 11:44:30,32.2,40.2,0.4,0.58,0.98,0.33,0.55,0.28
2025-12-19 11:44:35,32.1,40.2,0.4,0.58,0.88,0.33,0.53,0.3
2025-12-19 11:44:41,32.2,40.4,0.4,0.58,0.97,0.33,0.53,0.29
2025-12-19 11:44:46,32.2,40.5,0.39,0.59,1.03,0.33,0.54,0.29
2025-12-19 11:44:51,32.2,40.3,0.4,0.59,0.95,0.32,0.55,0.3
2025-12-19 11:44:56,32.1,40.4,0.41,0.59,0.94,0.31,0.55,0.29
2025-12-19 11:45:02,32.1,40.2,0.41,0.59,1.04,0.31,0.53,0.29
2025-12-19 11:45:07,32.2,40.7,0.4,0.59,0.9,0.32,0.53,0.29
2025-12-19 11:45:12,32.2,40.1,0.39,0.58,0.89,0.31,0.55,0.28
2025-12-19 11:45:18,32.1,40.3,0.39,0.57,0.89,0.33,0.55,0.29
2025-12-19 11:45:23,32.1,40.2,0.39,0.57,1.02,0.34,0.53,0.29
2025-12-19 11:45:28,32.2,40.4,0.4,0.6,0.88,0.33,0.53,0.27
2025-12-19 11:45:33,32.1,40.4,0.41,0.59,1.01,0.32,0.53,0.29
2025-12-19 11:45:39,32.2,40.3,0.41,0.6,0.87,0.33,0.54,0.3
2025-12-19 11:45:44,32.1,40.5,0.41,0.59,0.9,0.32,0.55,0.28
2025-12-19 11:45:49,32.2,40.2,0.41,0.58,0.99,0.31,0.54,0.29
2025-12-19 11:45:54,32.2,40.1,0.4,0.57,1.0,0.32,0.53,0.28
2025-12-19 11:46:00,32.2,40.3,0.4,0.57,0.98,0.34,0.53,0.28
2025-12-19 11:46:05,32.2,40.3,0.41,0.59,1.03,0.33,0.53,0.28
2025-12-19 11:46:10,32.2,40.6,0.41,0.6,0.93,0.33,0.55,0.27
2025-12-19 11:46:15,32.1,40.4,0.39,0.57,0.98,0.31,0.54,0.3
2025-12-19 11:46:21,32.2,40.5,0.41,0.58,1.01,0.31,0.53,0.29
2025-12-19 11:46:26,32.1,40.4,0.39,0.58,0.89,0.31,0.55,0.29
2025-12-19 11:46:31,32.2,40.2,0.4,0.59,0.92,0.31,0.54,0.29
2025-12-19 11:46:36,32.2,40.4,0.4,0.59,0.9,0.32,0.55,0.28
2025-12-19 11:46:42,32.3,40.4,0.39,0.57,0.92,0.31,0.53,0.27
2025-12-19 11:46:47,32.3,40.1,0.41,0.59,0.89,0.31,0.55,0.27
2025-12-19 11:46:52,32.3,40.5,0.39,0.59,0.88,0.33,0.54,0.29
2025-12-19 11:46:57,32.3,40.2,0.41,0.6,0.94,0.34,0.53,0.3
2025-12-19 11:47:03,32.3,40.2,0.39,0.58,1.02,0.32,0.55,0.28
2025-12-19 11:47:08,32.2,40.4,0.4,0.58,0.99,0.33,0.54,0.3
2025-12-19 11:47:13,32.2,40.4,0.41,0.59,0.88,0.31,0.53,0.3
2025-12-19 11:47:18,32.2,40.2,0.4,0.57,1.01,0.31,0.54,0.29
2025-12-19 11:47:24,32.3,40.3,0.39,0.58,1.03,0.34,0.55,0.28
2025-12-19 11:47:29,32.2,40.2,0.39,0.59,0.9,0.32,0.54,0.27
2025-12-19 11:47:34,32.2,40.1,0.41,0.6,1.03,0.31,0.54,0.3
2025-12-19 11:47:40,32.2,40.2,0.39,0.6,1.03,0.33,0.54,0.28
2025-12-19 11:47:45,32.1,40.1,0.41,0.59,1.03,0.32,0.55,0.3
2025-12-19 11:47:50,32.1,40.4,0.41,0.59,0.88,0.33,0.54,0.28
2025-12-19 11:47:55,32.2,40.2,0.41,0.6,0.88,0.32,0.55,0.3
2025-12-19 11:48:01,32.2,40.2,0.4,0.6,0.89,0.32,0.55,0.27
2025-12-19 11:48:06,32.2,40.2,0.4,0.59,0.92,0.33,0.55,0.29
2025-12-19 11:48:11,32.3,40.3,0.41,0.6,1.02,0.32,0.54,0.29
2025-12-19 11:48:16,32.3,40.2,0.41,0.58,1.0,0.31,0.55,0.28
2025-12-19 11:48:22,32.2,40.2,0.39,0.58,0.95,0.31,0.53,0.29
2025-12-19 11:48:27,32.2,40.3,0.4,0.58,0.99,0.33,0.53,0.29
2025-12-19 11:48:32,32.2,40.0,0.39,0.58,0.99,0.33,0.53,0.29
2025-12-19 11:48:37,32.3,40.1,0.4,0.6,0.88,0.31,0.54,0.29
2025-12-19 11:48:43,32.3,39.9,0.39,0.6,1.01,0.33,0.55,0.28
2025-12-19 11:48:48,32.2,40.1,0.4,0.58,0.93,0.32,0.55,0.28
2025-12-19 11:48:53,32.2,39.9,0.39,0.6,1.03,0.33,0.55,0.29
2025-12-19 11:48:58,32.2,40.2,0.39,0.58,0.94,0.32,0.55,0.28
2025-12-19 11:49:04,32.2,40.1,0.39,0.58,0.93,0.33,0.55,0.28
2025-12-19 11:49:09,32.2,40.1,0.4,0.58,0.98,0.33,0.55,0.3
2025-12-19 11:49:14,32.2,40.0,0.4,0.58,0.88,0.31,0.55,0.3
2025-12-19 11:49:19,32.2,40.2,0.39,0.59,0.88,0.31,0.55,0.27
2025-12-19 11:49:25,32.3,40.3,0.39,0.58,1.02,0.33,0.53,0.28
2025-12-19 11:49:30,32.2,40.1,0.4,0.58,0.93,0.32,0.55,0.3
2025-12-19 11:49:35,32.1,40.1,0.39,0.6,0.88,0.32,0.53,0.28
2025-12-19 11:49:40,32.2,40.0,0.39,0.6,0.94,0.33,0.53,0.28
2025-12-19 11:49:46,32.2,40.1,0.39,0.58,0.92,0.31,0.53,0.28
2025-12-19 11:49:51,32.2,40.0,0.41,0.6,0.93,0.33,0.55,0.3
2025-12-19 11:49:56,32.3,39.9,0.4,0.6,1.0,0.32,0.54,0.3
2025-12-19 11:50:02,32.2,40.0,0.4,0.59,0.88,0.32,0.53,0.3
2025-12-19 11:50:07,32.2,40.0,0.41,0.6,0.88,0.31,0.54,0.3
2025-12-19 11:50:12,32.2,40.3,0.39,0.58,0.96,0.31,0.53,0.3
2025-12-19 11:50:17,32.2,40.0,0.39,0.6,1.03,0.33,0.55,0.29
2025-12-19 11:50:23,32.2,40.0,0.39,0.6,1.03,0.33,0.54,0.28
2025-12-19 11:50:28,32.3,40.2,0.4,0.58,0.98,0.32,0.55,0.29
2025-12-19 11:50:33,32.2,40.2,0.4,0.6,0.89,0.33,0.53,0.27
2025-12-19 11:50:38,32.3,40.0,0.41,0.58,0.92,0.31,0.55,0.27
2025-12-19 11:50:44,32.3,40.0,0.4,0.58,0.95,0.33,0.55,0.28
2025-12-19 11:50:49,32.3,39.9,0.39,0.6,0.92,0.31,0.55,0.29
2025-12-19 11:50:54,32.3,40.2,0.4,0.58,0.98,0.32,0.54,0.28
2025-12-19 11:50:59,32.3,40.2,0.41,0.59,0.93,0.33,0.55,0.29
2025-12-19 11:51:05,32.3,39.9,0.39,0.58,0.97,0.32,0.53,0.27
2025-12-19 11:51:10,32.3,39.9,0.39,0.58,0.88,0.31,0.54,0.3
2025-12-19 11:51:15,32.3,40.0,0.41,0.58,1.01,0.33,0.55,0.28
2025-12-19 11:51:20,32.3,39.9,0.41,0.6,0.88,0.33,0.55,0.29
2025-12-19 11:51:26,32.3,39.9,0.4,0.58,0.94,0.33,0.55,0.29
2025-12-19 11:51:31,32.3,40.0,0.4,0.59,1.03,0.33,0.54,0.3
2025-12-19 11:51:36,32.3,40.1,0.39,0.59,0.87,0.31,0.55,0.29
2025-12-19 11:51:41,32.3,39.9,0.4,0.6,0.97,0.31,0.54,0.27
2025-12-19 11:51:47,32.3,40.0,0.41,0.6,0.87,0.31,0.53,0.29
2025-12-19 11:51:52,32.3,40.0,0.4,0.58,0.9,0.32,0.55,0.28
2025-12-19 11:51:57,32.3,40.0,0.4,0.58,0.99,0.33,0.55,0.29
2025-12-19 11:52:02,32.3,40.1,0.41,0.6,0.93,0.32,0.54,0.3
2025-12-19 11:52:08,32.4,40.0,0.39,0.6,0.87,0.31,0.55,0.29
2025-12-19 11:52:13,32.4,39.8,0.41,0.61,0.96,0.33,0.55,0.28
2025-12-19 11:52:18,32.4,39.7,0.41,0.58,0.92,0.33,0.55,0.29
2025-12-19 11:52:24,32.4,39.8,0.39,0.58,0.92,0.31,0.55,0.28
2025-12-19 11:52:29,32.4,40.1,0.39,0.6,1.04,0.32,0.54,0.28
2025-12-19 11:52:34,32.4,39.8,0.4,0.6,0.96,0.31,0.54,0.29
2025-12-19 11:52:39,32.4,39.9,0.39,0.61,0.87,0.31,0.53,0.27
2025-12-19 11:52:45,32.3,39.9,0.41,0.6,0.91,0.34,0.55,0.27
2025-12-19 11:52:50,32.3,39.9,0.4,0.6,0.88,0.32,0.54,0.27
2025-12-19 11:52:55,32.3,39.8,0.4,0.59,1.04,0.31,0.54,0.27
2025-12-19 11:53:00,32.4,39.8,0.4,0.59,0.89,0.32,0.55,0.28
2025-12-19 11:53:06,32.3,39.9,0.4,0.6,1.0,0.33,0.55,0.28
2025-12-19 11:53:11,32.4,39.8,0.41,0.59,1.03,0.31,0.54,0.27
2025-12-19 11:53:16,32.3,39.8,0.41,0.58,0.89,0.31,0.54,0.3
2025-12-19 11:53:21,32.4,39.8,0.39,0.61,1.03,0.32,0.55,0.3
2025-12-19 11:53:27,32.4,39.9,0.39,0.61,1.01,0.31,0.55,0.29
2025-12-19 11:53:32,32.2,39.7,0.39,0.58,0.99,0.33,0.53,0.29
2025-12-19 11:53:37,32.3,39.6,0.39,0.6,1.03,0.32,0.54,0.27
2025-12-19 11:53:42,32.4,39.7,0.4,0.59,0.95,0.32,0.55,0.27
2025-12-19 11:53:48,32.4,39.9,0.41,0.6,1.0,0.33,0.55,0.28
2025-12-19 11:53:53,32.3,39.9,0.41,0.6,0.9,0.33,0.55,0.3
2025-12-19 11:53:58,32.4,39.8,0.41,0.61,0.87,0.31,0.55,0.27
2025-12-19 11:54:03,32.3,39.9,0.41,0.58,0.91,0.33,0.55,0.29
2025-12-19 11:54:09,32.4,39.9,0.39,0.61,0.95,0.33,0.55,0.27
2025-12-19 11:54:14,32.4,39.6,0.39,0.6,1.03,0.33,0.55,0.29
2025-12-19 11:54:19,32.4,39.6,0.4,0.6,0.89,0.33,0.54,0.28
2025-12-19 11:54:24,32.4,39.7,0.41,0.59,1.01,0.32,0.55,0.28
2025-12-19 11:54:30,32.4,39.8,0.4,0.59,0.87,0.33,0.54,0.29
2025-12-19 11:54:35,32.4,39.8,0.39,0.61,0.89,0.32,0.54,0.29
2025-12-19 11:54:40,32.4,39.8,0.41,0.59,0.9,0.34,0.55,0.27
2025-12-19 11:54:46,32.4,39.6,0.39,0.61,1.02,0.33,0.55,0.3
2025-12-19 11:54:51,32.4,39.8,0.41,0.59,0.9,0.33,0.55,0.29
2025-12-19 11:54:56,32.4,39.8,0.4,0.59,0.88,0.33,0.55,0.29
2025-12-19 11:55:01,32.4,39.9,0.39,0.6,1.02,0.31,0.54,0.28
2025-12-19 11:55:07,32.4,39.6,0.41,0.59,0.9,0.31,0.54,0.28
2025-12-19 11:55:12,32.4,39.6,0.39,0.61,1.01,0.33,0.55,0.3
2025-12-19 11:55:17,32.4,39.9,0.4,0.59,0.96,0.32,0.55,0.3
2025-12-19 11:55:22,32.4,39.5,0.4,0.59,0.93,0.32,0.55,0.28
2025-12-19 11:55:28,32.4,39.7,0.41,0.6,1.03,0.33,0.55,0.29
2025-12-19 11:55:33,32.4,39.9,0.39,0.59,0.97,0.33,0.56,0.29
2025-12-19 11:55:38,32.4,39.8,0.39,0.61,0.98,0.31,0.54,0.28
2025-12-19 11:55:43,32.3,39.8,0.41,0.61,1.0,0.32,0.55,0.3
2025-12-19 11:55:49,32.4,39.5,0.4,0.59,0.93,0.31,0.55,0.28
2025-12-19 11:55:54,32.4,39.9,0.4,0.59,0.99,0.33,0.55,0.29
2025-12-19 11:55:59,32.4,39.8,0.4,0.6,0.89,0.32,0.54,0.29
2025-12-19 11:56:04,32.4,39.8,0.39,0.62,0.88,0.32,0.53,0.28
2025-12-19 11:56:10,32.4,39.6,0.41,0.62,1.01,0.33,0.56,0.3
2025-12-19 11:56:15,32.4,39.7,0.4,0.62,0.93,0.33,0.55,0.27
2025-12-19 11:56:20,32.5,39.5,0.39,0.62,1.03,0.31,0.53,0.28
2025-12-19 11:56:25,32.4,39.7,0.41,0.62,0.98,0.33,0.55,0.3
2025-12-19 11:56:31,32.4,39.6,0.41,0.6,0.99,0.31,0.55,0.3
2025-12-19 11:56:36,32.5,39.7,0.39,0.61,0.88,0.31,0.55,0.29
2025-12-19 11:56:41,32.5,39.5,0.39,0.61,0.93,0.32,0.56,0.29
2025-12-19 11:56:47,32.5,39.9,0.4,0.6,0.94,0.31,0.54,0.27
2025-12-19 11:56:52,32.4,39.5,0.39,0.62,1.03,0.32,0.54,0.28
2025-12-19 11:56:57,32.4,39.7,0.41,0.6,1.01,0.31,0.55,0.28
2025-12-19 11:57:02,32.4,39.6,0.39,0.59,1.03,0.31,0.54,0.27
2025-12-19 11:57:08,32.5,39.6,0.41,0.61,0.97,0.33,0.55,0.3
2025-12-19 11:57:13,32.5,39.5,0.4,0.6,0.97,0.33,0.53,0.28
2025-12-19 11:57:18,32.5,39.5,0.41,0.6,0.92,0.32,0.55,0.27
2025-12-19 11:57:23,32.4,39.4,0.39,0.59,0.99,0.31,0.53,0.27
2025-12-19 11:57:29,32.5,39.5,0.41,0.61,1.0,0.31,0.53,0.28
2025-12-19 11:57:34,32.5,39.5,0.41,0.61,0.9,0.31,0.55,0.28
2025-12-19 11:57:39,32.5,39.8,0.41,0.59,0.94,0.33,0.55,0.29
2025-12-19 11:57:44,32.4,39.4,0.39,0.62,1.03,0.33,0.55,0.29
2025-12-19 11:57:50,32.5,39.5,0.4,0.6,1.04,0.33,0.54,0.28
2025-12-19 11:57:55,32.5,39.6,0.41,0.59,0.89,0.33,0.54,0.28
2025-12-19 11:58:00,32.5,39.5,0.41,0.6,1.02,0.31,0.54,0.28
2025-12-19 11:58:05,32.5,39.4,0.41,0.6,0.91,0.33,0.53,0.29
2025-12-19 11:58:11,32.5,39.3,0.39,0.62,1.02,0.33,0.55,0.28
2025-12-19 11:58:16,32.4,39.4,0.4,0.6,1.0,0.32,0.55,0.29
2025-12-19 11:58:21,32.5,39.4,0.4,0.62,1.03,0.33,0.54,0.27
2025-12-19 11:58:26,32.4,39.4,0.41,0.62,1.0,0.33,0.53,0.27
2025-12-19 11:58:32,32.5,39.4,0.39,0.62,0.88,0.31,0.55,0.3
2025-12-19 11:58:37,32.4,39.5,0.41,0.6,0.87,0.31,0.55,0.3
2025-12-19 11:58:42,32.5,39.6,0.39,0.62,0.89,0.31,0.55,0.28
2025-12-19 11:58:47,32.5,39.6,0.41,0.61,0.97,0.31,0.55,0.3
2025-12-19 11:58:53,32.5,39.6,0.41,0.6,0.92,0.33,0.55,0.28
2025-12-19 11:58:58,32.5,39.2,0.4,0.61,1.01,0.32,0.55,0.3
2025-12-19 11:59:03,32.5,39.4,0.41,0.62,0.93,0.33,0.55,0.27
2025-12-19 11:59:08,32.5,39.5,0.41,0.62,1.03,0.31,0.55,0.29
2025-12-19 11:59:14,32.5,39.5,0.41,0.61,0.96,0.32,0.55,0.28
2025-12-19 11:59:19,32.4,39.5,0.4,0.6,0.98,0.32,0.54,0.3
2025-12-19 11:59:24,32.5,39.6,0.39,0.62,1.02,0.34,0.54,0.3
2025-12-19 11:59:30,32.5,39.6,0.41,0.61,0.92,0.31,0.55,0.29
2025-12-19 11:59:35,32.5,39.5,0.39,0.61,1.03,0.33,0.53,0.3
2025-12-19 11:59:40,32.5,39.6,0.39,0.61,1.03,0.33,0.55,0.28
2025-12-19 11:59:45,32.5,39.4,0.39,0.61,1.02,0.33,0.55,0.28
2025-12-19 11:59:51,32.5,39.4,0.41,0.62,0.93,0.31,0.55,0.3
2025-12-19 11:59:56,32.4,39.5,0.4,0.61,0.98,0.33,0.53,0.29
2025-12-19 12:00:01,32.5,39.7,0.4,0.6,0.9,0.31,0.54,0.3
2025-12-19 12:00:06,32.5,39.6,0.41,0.62,0.98,0.32,0.55,0.3
2025-12-19 12:00:12,32.5,39.6,0.4,0.62,1.0,0.32,0.53,0.3
2025-12-19 12:00:17,32.5,39.7,0.4,0.63,0.89,0.31,0.55,0.3
2025-12-19 12:00:22,32.4,39.5,0.39,0.6,0.88,0.33,0.55,0.27
2025-12-19 12:00:27,32.5,39.5,0.39,0.62,1.02,0.31,0.54,0.28
2025-12-19 12:00:33,32.5,39.6,0.39,0.61,0.89,0.31,0.55,0.29
2025-12-19 12:00:38,32.5,39.6,0.39,0.61,1.03,0.33,0.55,0.28
2025-12-19 12:00:43,32.5,39.7,0.4,0.62,1.02,0.33,0.54,0.29
2025-12-19 12:00:48,32.5,39.7,0.4,0.61,1.03,0.33,0.54,0.27
2025-12-19 12:00:54,32.5,39.8,0.4,0.62,1.04,0.33,0.54,0.27
2025-12-19 12:00:59,32.5,39.6,0.39,0.6,0.92,0.32,0.55,0.27
2025-12-19 12:01:04,32.5,39.7,0.4,0.6,0.89,0.33,0.55,0.27
2025-12-19 12:01:09,32.5,39.3,0.41,0.63,0.87,0.32,0.55,0.28
2025-12-19 12:01:15,32.4,39.6,0.41,0.61,1.04,0.32,0.54,0.28
2025-12-19 12:01:20,32.4,39.5,0.39,0.6,1.02,0.33,0.55,0.3
2025-12-19 12:01:25,32.4,39.6,0.39,0.6,0.97,0.33,0.54,0.3
2025-12-19 12:01:30,32.4,39.7,0.41,0.63,0.97,0.32,0.55,0.29
2025-12-19 12:01:36,32.4,39.6,0.39,0.62,0.99,0.33,0.56,0.3
2025-12-19 12:01:41,32.5,39.4,0.41,0.61,0.93,0.32,0.54,0.28
2025-12-19 12:01:46,32.4,39.6,0.41,0.62,1.01,0.31,0.56,0.29
2025-12-19 12:01:52,32.5,39.4,0.4,0.6,0.88,0.33,0.54,0.28
2025-12-19 12:01:57,32.4,39.6,0.41,0.61,0.94,0.33,0.55,0.28
2025-12-19 12:02:02,32.5,39.8,0.39,0.62,1.01,0.32,0.55,0.28
2025-12-19 12:02:07,32.5,39.6,0.39,0.6,0.89,0.31,0.55,0.28
2025-12-19 12:02:13,32.4,39.5,0.39,0.62,0.98,0.33,0.54,0.3
2025-12-19 12:02:18,32.5,39.7,0.4,0.62,1.03,0.33,0.55,0.28
2025-12-19 12:02:23,32.4,39.6,0.41,0.62,1.01,0.33,0.55,0.3
2025-12-19 12:02:28,32.4,39.5,0.4,0.62,0.9,0.31,0.54,0.28
2025-12-19 12:02:34,32.5,39.7,0.39,0.63,0.93,0.32,0.55,0.28
2025-12-19 12:02:39,32.4,39.7,0.39,0.61,0.89,0.33,0.54,0.28
2025-12-19 12:02:44,32.5,39.5,0.41,0.61,0.89,0.31,0.55,0.3
2025-12-19 12:02:49,32.5,39.3,0.41,0.63,0.97,0.31,0.55,0.3
2025-12-19 12:02:55,32.5,39.7,0.4,0.61,0.9,0.33,0.54,0.29
2025-12-19 12:03:00,32.4,39.7,0.41,0.6,0.88,0.31,0.54,0.28
2025-12-19 12:03:05,32.5,39.8,0.39,0.6,0.96,0.33,0.54,0.3
2025-12-19 12:03:10,32.5,39.4,0.41,0.62,1.04,0.33,0.54,0.3
2025-12-19 12:03:16,32.5,39.5,0.4,0.6,1.0,0.32,0.55,0.28
2025-12-19 12:03:21,32.5,39.6,0.39,0.6,0.97,0.32,0.55,0.29
2025-12-19 12:03:26,32.5,39.5,0.41,0.6,1.01,0.33,0.55,0.28
2025-12-19 12:03:31,32.4,39.9,0.41,0.61,1.01,0.33,0.55,0.29
2025-12-19 12:03:37,32.4,39.9,0.39,0.61,1.02,0.33,0.55,0.29
2025-12-19 12:03:42,32.5,39.9,0.39,0.61,0.93,0.32,0.55,0.3
2025-12-19 12:03:47,32.5,39.7,0.39,0.61,0.98,0.33,0.54,0.3
2025-12-19 12:03:52,32.5,39.9,0.41,0.62,0.89,0.32,0.54,0.27
2025-12-19 12:03:58,32.5,39.8,0.39,0.63,0.9,0.33,0.54,0.28
2025-12-19 12:04:03,32.5,39.5,0.39,0.62,0.89,0.31,0.54,0.28
2025-12-19 12:04:08,32.5,39.8,0.41,0.62,0.93,0.33,0.54,0.3
2025-12-19 12:04:14,32.4,40.0,0.4,0.62,0.99,0.33,0.55,0.29
2025-12-19 12:04:19,32.5,39.7,0.4,0.6,0.97,0.33,0.55,0.3
2025-12-19 12:04:24,32.5,39.8,0.4,0.63,0.93,0.32,0.55,0.27
2025-12-19 12:04:29,32.5,39.8,0.41,0.61,0.98,0.33,0.55,0.28
2025-12-19 12:04:35,32.5,39.6,0.39,0.62,0.89,0.31,0.55,0.3
2025-12-19 12:04:40,32.5,39.9,0.39,0.63,0.9,0.32,0.56,0.3
2025-12-19 12:04:45,32.5,39.7,0.41,0.63,0.88,0.34,0.56,0.29
2025-12-19 12:04:50,32.5,39.8,0.4,0.63,1.02,0.33,0.56,0.29
2025-12-19 12:04:56,32.5,39.8,0.39,0.61,0.98,0.33,0.56,0.28
2025-12-19 12:05:01,32.5,39.9,0.39,0.63,1.0,0.32,0.55,0.3
2025-12-19 12:05:06,32.5,39.8,0.4,0.61,1.0,0.33,0.55,0.28
2025-12-19 12:05:11,32.5,39.6,0.39,0.61,0.94,0.31,0.54,0.29
2025-12-19 12:05:17,32.6,40.0,0.41,0.62,1.02,0.33,0.55,0.28
2025-12-19 12:05:22,32.5,39.8,0.4,0.62,0.99,0.33,0.54,0.3
2025-12-19 12:05:27,32.5,40.0,0.41,0.61,1.03,0.31,0.54,0.28
2025-12-19 12:05:32,32.6,39.9,0.39,0.61,0.9,0.32,0.56,0.27
2025-12-19 12:05:38,32.5,39.7,0.39,0.61,0.98,0.32,0.56,0.27
2025-12-19 12:05:43,32.5,39.8,0.4,0.63,1.03,0.32,0.55,0.27
2025-12-19 12:05:48,32.5,39.7,0.41,0.63,0.97,0.33,0.55,0.3
2025-12-19 12:05:53,32.5,39.8,0.41,0.63,0.89,0.31,0.55,0.28
2025-12-19 12:05:59,32.5,39.7,0.39,0.63,1.0,0.32,0.56,0.29
2025-12-19 12:06:04,32.6,39.9,0.4,0.61,0.9,0.33,0.57,0.3
2025-12-19 12:06:09,32.6,39.8,0.41,0.63,0.89,0.32,0.56,0.29
2025-12-19 12:06:14,32.5,39.7,0.4,0.62,0.99,0.31,0.55,0.3
2025-12-19 12:06:20,32.6,39.7,0.39,0.61,1.04,0.31,0.56,0.28
2025-12-19 12:06:25,32.6,39.8,0.38,0.61,0.87,0.32,0.56,0.28
2025-12-19 12:06:30,32.6,39.7,0.4,0.62,0.89,0.32,0.56,0.27
2025-12-19 12:06:36,32.6,39.8,0.4,0.61,1.0,0.31,0.55,0.3
2025-12-19 12:06:41,32.6,39.7,0.41,0.63,0.91,0.31,0.54,0.29
2025-12-19 12:06:46,32.6,40.0,0.39,0.64,0.9,0.32,0.56,0.28
2025-12-19 12:06:51,32.6,39.7,0.4,0.63,0.98,0.31,0.55,0.28
2025-12-19 12:06:57,32.5,39.8,0.39,0.61,0.99,0.32,0.56,0.28
2025-12-19 12:07:02,32.6,39.7,0.39,0.63,0.93,0.32,0.55,0.3
2025-12-19 12:07:07,32.6,39.8,0.4,0.63,0.89,0.31,0.55,0.3
2025-12-19 12:07:12,32.6,39.6,0.39,0.61,1.0,0.33,0.56,0.28
2025-12-19 12:07:18,32.5,39.6,0.4,0.63,0.89,0.32,0.56,0.29
2025-12-19 12:07:23,32.6,39.7,0.39,0.61,0.9,0.31,0.55,0.29
2025-12-19 12:07:28,32.6,39.7,0.41,0.62,0.9,0.31,0.55,0.3
2025-12-19 12:07:33,32.6,39.6,0.4,0.63,0.91,0.33,0.54,0.3
2025-12-19 12:07:39,32.6,39.6,0.41,0.63,1.03,0.31,0.55,0.29
2025-12-19 12:07:44,32.6,39.2,0.41,0.64,1.04,0.34,0.56,0.28
2025-12-19 12:07:49,32.6,40.1,0.41,0.64,0.98,0.34,0.55,0.28
2025-12-19 12:07:54,32.6,39.7,0.4,0.62,1.03,0.33,0.56,0.3
2025-12-19 12:08:00,32.6,39.7,0.39,0.64,0.89,0.32,0.56,0.3
2025-12-19 12:08:05,32.6,39.5,0.41,0.62,1.03,0.32,0.55,0.3
2025-12-19 12:08:10,32.6,39.5,0.4,0.62,0.99,0.31,0.54,0.28
2025-12-19 12:08:15,32.6,39.7,0.41,0.63,1.0,0.32,0.56,0.3
2025-12-19 12:08:21,32.7,39.7,0.39,0.62,0.89,0.33,0.54,0.29
2025-12-19 12:08:26,32.6,39.6,0.39,0.62,0.89,0.32,0.55,0.27
2025-12-19 12:08:31,32.6,39.3,0.41,0.64,0.92,0.32,0.56,0.28
2025-12-19 12:08:36,32.6,39.8,0.4,0.65,0.88,0.33,0.54,0.29
2025-12-19 12:08:42,32.5,39.4,0.39,0.64,0.88,0.32,0.54,0.3
2025-12-19 12:08:47,32.6,39.8,0.41,0.63,1.01,0.33,0.54,0.29
2025-12-19 12:08:52,32.5,39.6,0.39,0.63,1.03,0.32,0.55,0.3
2025-12-19 12:08:58,32.6,39.4,0.4,0.64,0.88,0.31,0.55,0.29
2025-12-19 12:09:03,32.5,39.4,0.41,0.63,0.96,0.32,0.55,0.3
2025-12-19 12:09:08,32.5,39.5,0.4,0.64,0.91,0.31,0.54,0.28
2025-12-19 12:09:13,32.7,39.7,0.41,0.64,1.03,0.33,0.55,0.3
2025-12-19 12:09:19,32.6,39.5,0.4,0.63,0.94,0.34,0.56,0.28
2025-12-19 12:09:24,32.6,39.7,0.41,0.64,1.01,0.34,0.55,0.27
2025-12-19 12:09:29,32.6,39.1,0.41,0.64,0.99,0.32,0.54,0.28
2025-12-19 12:09:34,32.5,39.6,0.4,0.62,0.88,0.33,0.54,0.29
2025-12-19 12:09:40,32.5,39.7,0.39,0.64,0.99,0.32,0.54,0.28
2025-12-19 12:09:45,32.5,39.6,0.39,0.62,1.01,0.34,0.55,0.29
2025-12-19 12:09:50,32.6,39.5,0.39,0.62,0.95,0.32,0.54,0.28
2025-12-19 12:09:55,32.6,39.6,0.41,0.62,0.94,0.32,0.55,0.29
2025-12-19 12:10:01,32.6,39.8,0.39,0.63,1.04,0.33,0.55,0.29
2025-12-19 12:10:06,32.6,39.7,0.39,0.64,0.92,0.32,0.55,0.28
2025-12-19 12:10:11,32.5,39.4,0.4,0.62,0.89,0.31,0.55,0.27
2025-12-19 12:10:16,32.5,39.6,0.41,0.63,0.96,0.32,0.55,0.28
2025-12-19 12:10:22,32.6,39.5,0.39,0.64,0.9,0.32,0.54,0.3
2025-12-19 12:10:27,32.6,39.7,0.41,0.62,0.88,0.33,0.56,0.3
2025-12-19 12:10:32,32.6,39.4,0.4,0.65,0.89,0.31,0.55,0.29
2025-12-19 12:10:37,32.5,39.7,0.39,0.65,0.9,0.31,0.55,0.3
2025-12-19 12:10:43,32.5,39.5,0.41,0.64,0.9,0.32,0.54,0.28
2025-12-19 12:10:48,32.6,39.3,0.39,0.65,1.03,0.33,0.56,0.28
2025-12-19 12:10:53,32.6,39.8,0.41,0.65,0.97,0.33,0.55,0.29
2025-12-19 12:10:58,32.5,39.6,0.4,0.64,0.95,0.32,0.56,0.28
2025-12-19 12:11:04,32.6,39.6,0.4,0.65,0.98,0.33,0.55,0.3
2025-12-19 12:11:09,32.6,39.4,0.39,0.63,1.0,0.33,0.55,0.29
2025-12-19 12:11:14,32.7,40.0,0.39,0.65,0.9,0.33,0.57,0.27
2025-12-19 12:11:20,32.5,39.6,0.4,0.63,0.97,0.31,0.55,0.27
2025-12-19 12:11:25,32.5,39.7,0.39,0.64,0.87,0.34,0.56,0.29
2025-12-19 12:11:30,32.6,39.4,0.4,0.64,0.96,0.33,0.56,0.28
2025-12-19 12:11:35,32.5,40.0,0.39,0.64,1.02,0.33,0.55,0.29
2025-12-19 12:11:41,32.6,40.0,0.4,0.64,0.96,0.32,0.55,0.28
2025-12-19 12:11:46,32.6,39.7,0.39,0.64,0.92,0.32,0.56,0.3
2025-12-19 12:11:51,32.6,39.9,0.39,0.65,1.03,0.32,0.55,0.28
2025-12-19 12:11:56,32.6,39.7,0.4,0.65,0.89,0.33,0.55,0.28
2025-12-19 12:12:02,32.6,39.4,0.39,0.63,1.0,0.32,0.56,0.3
2025-12-19 12:12:07,32.6,39.3,0.41,0.64,0.95,0.34,0.56,0.29
2025-12-19 12:12:12,32.5,39.5,0.41,0.65,1.01,0.31,0.55,0.28
2025-12-19 12:12:17,32.6,39.9,0.39,0.65,1.04,0.33,0.54,0.29
2025-12-19 12:12:23,32.6,39.3,0.41,0.64,1.04,0.32,0.54,0.28
2025-12-19 12:12:28,32.7,39.5,0.41,0.65,1.02,0.31,0.54,0.27
2025-12-19 12:12:33,32.6,39.3,0.39,0.65,1.04,0.33,0.55,0.3
2025-12-19 12:12:38,32.6,39.7,0.39,0.65,0.88,0.31,0.55,0.28
2025-12-19 12:12:44,32.6,39.4,0.41,0.64,1.04,0.34,0.55,0.29
2025-12-19 12:12:49,32.5,39.6,0.4,0.64,0.93,0.32,0.54,0.28
2025-12-19 12:12:54,32.5,39.7,0.4,0.63,0.95,0.32,0.56,0.3
2025-12-19 12:12:59,32.6,39.5,0.39,0.65,1.03,0.33,0.54,0.29
2025-12-19 12:13:05,32.6,39.7,0.39,0.65,1.03,0.31,0.55,0.29
2025-12-19 12:13:10,32.6,39.6,0.4,0.66,0.87,0.33,0.56,0.3
2025-12-19 12:13:15,32.6,39.3,0.41,0.65,0.93,0.33,0.55,0.28
2025-12-19 12:13:20,32.6,39.6,0.39,0.66,1.04,0.32,0.54,0.28
2025-12-19 12:13:26,32.6,39.5,0.39,0.64,0.9,0.34,0.56,0.29
2025-12-19 12:13:31,32.6,39.1,0.41,0.66,1.04,0.32,0.55,0.3
2025-12-19 12:13:36,32.6,39.4,0.41,0.65,1.03,0.33,0.56,0.28
2025-12-19 12:13:42,32.6,39.7,0.39,0.65,0.97,0.33,0.56,0.27
2025-12-19 12:13:47,32.6,39.1,0.41,0.66,0.9,0.31,0.56,0.28
2025-12-19 12:13:52,32.6,39.3,0.41,0.66,1.01,0.33,0.54,0.28
2025-12-19 12:13:57,32.6,39.5,0.4,0.66,1.04,0.32,0.55,0.3
2025-12-19 12:14:03,32.5,39.5,0.39,0.64,0.98,0.32,0.56,0.28
2025-12-19 12:14:08,32.6,39.3,0.39,0.66,1.02,0.33,0.56,0.3
2025-12-19 12:14:13,32.6,39.3,0.4,0.66,0.9,0.32,0.55,0.29
2025-12-19 12:14:18,32.6,39.6,0.41,0.66,0.93,0.32,0.55,0.3
2025-12-19 12:14:24,32.6,39.4,0.39,0.67,0.9,0.33,0.57,0.29
2025-12-19 12:14:29,32.6,39.5,0.41,0.66,1.04,0.34,0.55,0.3
2025-12-19 12:14:34,32.6,39.5,0.39,0.65,0.92,0.32,0.55,0.28
2025-12-19 12:14:39,32.6,39.3,0.39,0.66,0.99,0.33,0.57,0.3
2025-12-19 12:14:45,32.7,39.4,0.41,0.66,0.88,0.32,0.56,0.29
2025-12-19 12:14:50,32.6,39.4,0.4,0.65,1.01,0.32,0.57,0.29
2025-12-19 12:14:55,32.6,39.6,0.39,0.67,0.88,0.32,0.57,0.29
2025-12-19 12:15:00,32.6,39.4,0.41,0.65,1.04,0.33,0.56,0.29
2025-12-19 12:15:06,32.7,39.3,0.39,0.67,0.9,0.31,0.56,0.28
2025-12-19 12:15:11,32.7,39.4,0.4,0.65,0.9,0.32,0.57,0.27
2025-12-19 12:15:16,32.5,39.4,0.41,0.65,1.03,0.32,0.56,0.3
2025-12-19 12:15:21,32.6,39.3,0.4,0.65,0.99,0.33,0.57,0.29
2025-12-19 12:15:27,32.6,39.4,0.39,0.65,0.98,0.32,0.56,0.3
2025-12-19 12:15:32,32.6,39.4,0.4,0.67,1.01,0.33,0.56,0.29
2025-12-19 12:15:37,32.6,39.5,0.41,0.67,0.91,0.32,0.57,0.27
2025-12-19 12:15:42,32.6,39.5,0.41,0.65,0.91,0.31,0.56,0.3
2025-12-19 12:15:48,32.7,39.2,0.41,0.66,0.99,0.33,0.56,0.28
2025-12-19 12:15:53,32.6,39.1,0.39,0.65,1.02,0.31,0.55,0.29
2025-12-19 12:15:58,32.6,39.4,0.41,0.67,1.02,0.33,0.57,0.27
2025-12-19 12:16:04,32.6,39.2,0.39,0.66,1.02,0.32,0.55,0.28
2025-12-19 12:16:09,32.6,39.2,0.39,0.67,0.95,0.31,0.56,0.29
2025-12-19 12:16:14,32.5,39.4,0.39,0.65,0.9,0.31,0.55,0.29
2025-12-19 12:16:19,32.7,39.5,0.39,0.65,0.88,0.33,0.56,0.28
2025-12-19 12:16:25,32.6,39.4,0.38,0.66,0.92,0.31,0.55,0.29
2025-12-19 12:16:30,32.7,39.1,0.4,0.65,0.88,0.33,0.55,0.3
2025-12-19 12:16:35,32.6,39.1,0.39,0.65,0.94,0.32,0.55,0.3
2025-12-19 12:16:40,32.6,39.5,0.41,0.65,0.93,0.33,0.57,0.3
2025-12-19 12:16:46,32.6,39.5,0.39,0.65,0.91,0.32,0.57,0.28
2025-12-19 12:16:51,32.7,39.3,0.39,0.65,1.03,0.32,0.55,0.28
2025-12-19 12:16:56,32.7,39.3,0.41,0.65,0.94,0.32,0.57,0.28
2025-12-19 12:17:01,32.6,39.5,0.41,0.66,1.03,0.33,0.56,0.29
2025-12-19 12:17:07,32.6,39.2,0.4,0.65,1.03,0.34,0.55,0.27
2025-12-19 12:17:12,32.6,39.4,0.39,0.66,0.92,0.32,0.57,0.3
2025-12-19 12:17:17,32.6,39.1,0.39,0.65,0.9,0.31,0.57,0.28
2025-12-19 12:17:22,32.7,39.4,0.39,0.65,0.96,0.33,0.57,0.29
2025-12-19 12:17:28,32.7,39.1,0.41,0.67,1.03,0.31,0.55,0.28
2025-12-19 12:17:33,32.7,39.2,0.41,0.65,0.98,0.33,0.57,0.3
2025-12-19 12:17:38,32.7,39.3,0.41,0.65,0.89,0.31,0.55,0.28
2025-12-19 12:17:43,32.6,39.3,0.39,0.67,0.97,0.33,0.55,0.29
2025-12-19 12:17:49,32.7,39.3,0.39,0.65,0.9,0.31,0.55,0.28
2025-12-19 12:17:54,32.6,39.4,0.39,0.67,0.91,0.31,0.56,0.29
2025-12-19 12:17:59,32.6,39.3,0.4,0.67,1.03,0.32,0.56,0.3
2025-12-19 12:18:04,32.6,39.4,0.38,0.66,1.04,0.33,0.56,0.29
2025-12-19 12:18:10,32.7,39.1,0.41,0.65,1.03,0.33,0.55,0.29
2025-12-19 12:18:15,32.6,39.2,0.41,0.66,1.04,0.32,0.55,0.3
2025-12-19 12:18:20,32.6,39.2,0.39,0.65,0.92,0.33,0.55,0.29
2025-12-19 12:18:26,32.7,39.2,0.39,0.65,0.9,0.31,0.56,0.3
2025-12-19 12:18:31,32.6,39.2,0.41,0.65,0.96,0.32,0.56,0.27
2025-12-19 12:18:36,32.7,39.2,0.41,0.67,0.99,0.34,0.57,0.27
2025-12-19 12:18:41,32.6,39.4,0.39,0.66,0.94,0.31,0.56,0.3
2025-12-19 12:18:47,32.6,39.2,0.4,0.65,1.0,0.32,0.55,0.29
2025-12-19 12:18:52,32.6,39.6,0.39,0.66,1.0,0.33,0.56,0.28
2025-12-19 12:18:57,32.7,39.2,0.4,0.66,1.03,0.33,0.57,0.29
2025-12-19 12:19:02,32.6,39.2,0.38,0.66,0.87,0.32,0.55,0.29
2025-12-19 12:19:08,32.5,39.3,0.4,0.65,0.98,0.33,0.57,0.28
2025-12-19 12:19:13,32.6,39.3,0.39,0.65,0.89,0.32,0.56,0.29
2025-12-19 12:19:18,32.6,39.3,0.4,0.67,0.88,0.33,0.57,0.29
2025-12-19 12:19:23,32.6,39.2,0.41,0.66,1.01,0.33,0.56,0.27
2025-12-19 12:19:29,32.6,39.3,0.39,0.65,1.01,0.32,0.55,0.3
2025-12-19 12:19:34,32.6,39.4,0.41,0.66,0.98,0.34,0.56,0.29
2025-12-19 12:19:39,32.6,39.2,0.4,0.66,0.92,0.33,0.55,0.3
2025-12-19 12:19:44,32.6,39.3,0.39,0.65,0.96,0.31,0.56,0.3
2025-12-19 12:19:50,32.7,39.1,0.4,0.65,1.04,0.33,0.56,0.28
2025-12-19 12:19:55,32.6,39.3,0.39,0.67,1.01,0.33,0.57,0.3
2025-12-19 12:20:00,32.7,39.3,0.39,0.67,0.91,0.31,0.56,0.27
2025-12-19 12:20:05,32.6,39.1,0.4,0.65,1.01,0.32,0.55,0.29
2025-12-19 12:20:11,32.6,39.1,0.4,0.66,1.0,0.34,0.57,0.27
2025-12-19 12:20:16,32.5,39.3,0.39,0.66,1.03,0.33,0.57,0.3
2025-12-19 12:20:21,32.6,39.0,0.41,0.67,0.94,0.31,0.55,0.27
2025-12-19 12:20:26,32.6,39.0,0.39,0.65,0.92,0.33,0.56,0.29
2025-12-19 12:20:32,32.6,39.4,0.38,0.67,0.92,0.33,0.55,0.29
2025-12-19 12:20:37,32.7,39.3,0.4,0.66,0.95,0.34,0.57,0.27
2025-12-19 12:20:42,32.7,39.2,0.4,0.67,0.98,0.33,0.56,0.28
2025-12-19 12:20:48,32.6,39.1,0.39,0.67,0.95,0.31,0.56,0.3
2025-12-19 12:20:53,32.7,39.2,0.39,0.67,0.95,0.32,0.55,0.28
2025-12-19 12:20:58,32.6,39.0,0.39,0.65,0.91,0.33,0.57,0.3
2025-12-19 12:21:03,32.7,39.3,0.41,0.66,1.0,0.32,0.55,0.28
2025-12-19 12:21:09,32.6,38.9,0.38,0.65,0.95,0.32,0.57,0.28
2025-12-19 12:21:14,32.5,38.9,0.41,0.67,0.95,0.33,0.56,0.3
2025-12-19 12:21:19,32.7,39.1,0.4,0.66,0.9,0.33,0.55,0.29
2025-12-19 12:21:24,32.6,39.2,0.41,0.66,0.94,0.32,0.57,0.29
2025-12-19 12:21:30,32.6,39.1,0.41,0.67,0.89,0.31,0.55,0.27
2025-12-19 12:21:35,32.7,39.1,0.39,0.65,0.88,0.31,0.55,0.28
2025-12-19 12:21:40,32.6,39.1,0.41,0.67,0.9,0.33,0.55,0.29
2025-12-19 12:21:45,32.6,39.2,0.41,0.66,0.93,0.33,0.57,0.28
2025-12-19 12:21:51,32.7,39.1,0.4,0.65,1.03,0.32,0.55,0.28
2025-12-19 12:21:56,32.6,38.9,0.39,0.65,0.9,0.33,0.57,0.27
2025-12-19 12:22:01,32.6,39.0,0.4,0.65,0.95,0.33,0.55,0.29
2025-12-19 12:22:06,32.6,39.2,0.41,0.66,1.03,0.33,0.56,0.3
2025-12-19 12:22:12,32.7,39.1,0.39,0.65,0.91,0.31,0.57,0.28
2025-12-19 12:22:17,32.7,39.1,0.41,0.65,0.88,0.32,0.55,0.29
2025-12-19 12:22:22,32.6,39.0,0.41,0.67,0.94,0.32,0.55,0.3
2025-12-19 12:22:27,32.6,39.2,0.41,0.66,1.04,0.32,0.57,0.3
2025-12-19 12:22:33,32.7,39.1,0.41,0.66,0.91,0.31,0.57,0.27
2025-12-19 12:22:38,32.6,39.2,0.39,0.67,0.9,0.32,0.55,0.3
2025-12-19 12:22:43,32.6,39.1,0.39,0.65,0.98,0.33,0.57,0.28
2025-12-19 12:22:48,32.7,39.3,0.4,0.67,1.01,0.31,0.56,0.28
2025-12-19 12:22:54,32.6,39.0,0.4,0.66,0.93,0.33,0.56,0.28
2025-12-19 12:22:59,32.6,39.0,0.4,0.66,0.88,0.31,0.57,0.29
2025-12-19 12:23:04,32.6,39.3,0.41,0.66,0.95,0.32,0.55,0.28
2025-12-19 12:23:10,32.6,39.0,0.4,0.66,0.95,0.33,0.57,0.29
2025-12-19 12:23:15,32.7,39.2,0.41,0.66,1.02,0.33,0.57,0.3
2025-12-19 12:23:20,32.7,38.9,0.4,0.66,1.02,0.31,0.55,0.3
2025-12-19 12:23:25,32.6,38.8,0.4,0.67,0.98,0.33,0.55,0.27
2025-12-19 12:23:31,32.7,39.0,0.4,0.65,0.95,0.33,0.55,0.3
2025-12-19 12:23:36,32.6,39.2,0.39,0.65,0.93,0.32,0.57,0.29
2025-12-19 12:23:41,32.7,39.1,0.41,0.67,0.87,0.31,0.57,0.27
2025-12-19 12:23:46,32.6,39.2,0.39,0.65,0.94,0.32,0.55,0.28
2025-12-19 12:23:52,32.7,39.0,0.4,0.66,1.04,0.34,0.57,0.28
2025-12-19 12:23:57,32.7,39.1,0.41,0.67,0.88,0.32,0.57,0.29
2025-12-19 12:24:02,32.6,38.9,0.4,0.65,1.02,0.31,0.57,0.29
2025-12-19 12:24:07,32.6,38.9,0.41,0.66,0.88,0.31,0.56,0.3
2025-12-19 12:24:13,32.6,39.0,0.39,0.66,0.94,0.31,0.57,0.29
2025-12-19 12:24:18,32.6,39.2,0.39,0.66,0.9,0.33,0.57,0.28
2025-12-19 12:24:23,32.6,39.1,0.39,0.65,0.95,0.31,0.55,0.29
2025-12-19 12:24:28,32.6,39.1,0.4,0.66,0.94,0.33,0.55,0.28
2025-12-19 12:24:34,32.7,39.0,0.4,0.66,1.03,0.33,0.55,0.29
2025-12-19 12:24:40,32.7,39.0,0.39,0.66,0.92,0.32,0.56,0.28
2025-12-19 12:24:45,32.7,39.0,0.41,0.65,0.89,0.32,0.56,0.28
2025-12-19 12:24:50,32.7,39.0,0.4,0.66,0.87,0.32,0.57,0.29
2025-12-19 12:24:56,32.6,38.8,0.42,0.66,0.97,0.33,0.57,0.28
2025-12-19 12:25:01,32.7,38.7,0.42,0.65,1.0,0.34,0.55,0.29
2025-12-19 12:25:06,32.8,38.8,0.42,0.67,0.88,0.31,0.56,0.3
2025-12-19 12:25:11,32.8,39.1,0.43,0.67,1.0,0.33,0.55,0.29
2025-12-19 12:25:17,32.8,38.9,0.43,0.64,0.99,0.32,0.55,0.28
2025-12-19 12:25:22,32.8,38.7,0.44,0.65,0.98,0.31,0.56,0.28
2025-12-19 12:25:27,32.7,38.5,0.43,0.65,0.95,0.32,0.55,0.3
2025-12-19 12:25:33,32.7,38.6,0.42,0.65,0.98,0.33,0.55,0.3
2025-12-19 12:25:38,32.7,38.8,0.44,0.66,0.96,0.34,0.56,0.3
2025-12-19 12:25:43,32.7,38.7,0.43,0.66,0.91,0.33,0.55,0.3
2025-12-19 12:25:48,32.7,39.2,0.42,0.65,0.95,0.31,0.57,0.27
2025-12-19 12:25:54,32.8,38.8,0.43,0.66,0.92,0.33,0.56,0.3
2025-12-19 12:25:59,32.7,39.3,0.43,0.67,0.98,0.31,0.56,0.28
2025-12-19 12:26:04,32.7,39.0,0.42,0.65,0.99,0.32,0.57,0.27
2025-12-19 12:26:09,32.8,38.7,0.44,0.66,0.98,0.32,0.57,0.3
2025-12-19 12:26:15,32.7,39.2,0.43,0.66,0.98,0.32,0.57,0.28
2025-12-19 12:26:20,32.6,39.2,0.42,0.66,0.93,0.31,0.57,0.27
2025-12-19 12:26:25,32.7,39.0,0.43,0.65,0.89,0.32,0.57,0.28
2025-12-19 12:26:30,32.7,38.8,0.43,0.66,1.01,0.33,0.55,0.3
2025-12-19 12:26:36,32.7,38.8,0.43,0.65,1.03,0.32,0.57,0.3
2025-12-19 12:26:41,32.7,39.0,0.43,0.66,0.88,0.32,0.56,0.29
2025-12-19 12:26:46,32.7,38.9,0.42,0.64,0.95,0.33,0.57,0.28
2025-12-19 12:26:51,32.7,39.0,0.43,0.65,0.99,0.33,0.55,0.28
2025-12-19 12:26:57,32.6,39.2,0.43,0.64,1.04,0.32,0.56,0.29
2025-12-19 12:27:02,32.7,39.2,0.41,0.65,0.98,0.32,0.57,0.27
2025-12-19 12:27:07,32.6,39.0,0.43,0.66,0.87,0.32,0.55,0.28
2025-12-19 12:27:12,32.6,39.0,0.42,0.65,0.91,0.32,0.56,0.29
2025-12-19 12:27:18,32.7,39.0,0.42,0.65,0.89,0.33,0.57,0.27
2025-12-19 12:27:23,32.7,39.1,0.41,0.64,1.04,0.33,0.55,0.28
2025-12-19 12:27:28,32.6,39.1,0.42,0.66,1.03,0.33,0.57,0.27
2025-12-19 12:27:33,32.7,39.0,0.41,0.64,0.99,0.33,0.55,0.3
2025-12-19 12:27:39,32.6,39.1,0.43,0.64,0.87,0.31,0.55,0.3
2025-12-19 12:27:44,32.5,39.4,0.41,0.66,0.89,0.31,0.56,0.28
2025-12-19 12:27:49,32.7,39.4,0.43,0.64,1.04,0.33,0.56,0.27
2025-12-19 12:27:55,32.6,39.4,0.43,0.66,0.98,0.34,0.56,0.3
2025-12-19 12:28:00,32.7,39.4,0.43,0.65,1.03,0.34,0.55,0.3
2025-12-19 12:28:05,32.7,39.3,0.43,0.65,0.91,0.31,0.56,0.3
2025-12-19 12:28:10,32.6,39.6,0.41,0.65,1.01,0.32,0.57,0.27
2025-12-19 12:28:16,32.6,39.4,0.41,0.64,0.91,0.32,0.57,0.28
2025-12-19 12:28:21,32.6,39.4,0.42,0.64,1.01,0.34,0.55,0.3
2025-12-19 12:28:26,32.6,39.6,0.43,0.66,1.03,0.32,0.55,0.3
2025-12-19 12:28:31,32.7,39.3,0.41,0.65,0.87,0.32,0.58,0.29
2025-12-19 12:28:37,32.7,39.2,0.4,0.64,0.88,0.31,0.56,0.28
2025-12-19 12:28:42,32.6,39.2,0.43,0.66,0.98,0.33,0.57,0.29
2025-12-19 12:28:47,32.7,39.3,0.41,0.64,1.04,0.33,0.56,0.27
2025-12-19 12:28:52,32.7,39.1,0.41,0.65,1.02,0.33,0.56,0.29
2025-12-19 12:28:58,32.6,39.3,0.41,0.66,0.93,0.32,0.58,0.27
2025-12-19 12:29:03,32.6,39.4,0.41,0.63,0.93,0.33,0.55,0.29
2025-12-19 12:29:08,32.7,39.2,0.41,0.65,0.99,0.31,0.56,0.27
2025-12-19 12:29:13,32.7,39.0,0.42,0.65,0.87,0.31,0.58,0.28
2025-12-19 12:29:19,32.7,39.0,0.42,0.63,0.99,0.33,0.55,0.3
2025-12-19 12:29:24,32.7,39.2,0.43,0.64,1.04,0.31,0.56,0.29
2025-12-19 12:29:29,32.6,39.2,0.42,0.65,1.03,0.33,0.55,0.27
2025-12-19 12:29:34,32.6,39.2,0.41,0.65,0.87,0.31,0.57,0.27
2025-12-19 12:29:40,32.7,39.2,0.43,0.65,1.03,0.31,0.55,0.29
2025-12-19 12:29:45,32.7,39.0,0.42,0.63,0.91,0.32,0.57,0.3
2025-12-19 12:29:50,32.7,39.1,0.41,0.64,1.04,0.33,0.55,0.28
2025-12-19 12:29:55,32.6,38.9,0.42,0.66,0.89,0.33,0.56,0.29
2025-12-19 12:30:01,32.6,39.1,0.42,0.65,0.96,0.31,0.55,0.27
2025-12-19 12:30:06,32.7,39.2,0.42,0.64,0.94,0.33,0.58,0.28
2025-12-19 12:30:11,32.6,39.7,0.41,0.64,1.0,0.32,0.56,0.27
2025-12-19 12:30:17,32.6,39.2,0.41,0.64,0.89,0.31,0.56,0.3
2025-12-19 12:30:22,32.6,39.1,0.41,0.63,0.94,0.33,0.55,0.28
2025-12-19 12:30:27,32.6,39.3,0.42,0.64,1.03,0.32,0.55,0.28
2025-12-19 12:30:32,32.6,39.1,0.41,0.64,0.89,0.33,0.55,0.28
2025-12-19 12:30:38,32.6,39.2,0.41,0.65,1.02,0.31,0.57,0.28
2025-12-19 12:30:43,32.6,39.3,0.43,0.63,0.95,0.32,0.57,0.27
2025-12-19 12:30:48,32.6,39.0,0.41,0.63,1.04,0.33,0.55,0.28
2025-12-19 12:30:53,32.6,39.1,0.41,0.65,1.04,0.34,0.56,0.3
2025-12-19 12:30:59,32.6,39.1,0.41,0.65,0.88,0.31,0.55,0.29
2025-12-19 12:31:04,32.6,39.3,0.42,0.65,1.02,0.34,0.57,0.28
2025-12-19 12:31:09,32.6,39.4,0.42,0.64,0.93,0.33,0.57,0.28
2025-12-19 12:31:14,32.6,39.2,0.43,0.63,1.02,0.33,0.58,0.3
2025-12-19 12:31:20,32.5,39.3,0.41,0.63,0.99,0.33,0.56,0.29
2025-12-19 12:31:25,32.6,39.2,0.43,0.65,0.92,0.33,0.55,0.29
2025-12-19 12:31:30,32.6,39.5,0.41,0.65,1.03,0.33,0.56,0.28
2025-12-19 12:31:35,32.5,39.3,0.4,0.63,0.91,0.31,0.57,0.29
2025-12-19 12:31:41,32.5,39.3,0.41,0.65,0.98,0.32,0.56,0.3
2025-12-19 12:31:46,32.5,39.4,0.43,0.65,0.97,0.34,0.55,0.28
2025-12-19 12:31:51,32.5,39.5,0.41,0.64,0.92,0.33,0.57,0.27
2025-12-19 12:31:56,32.5,39.5,0.43,0.65,0.98,0.33,0.57,0.29
2025-12-19 12:32:02,32.5,39.5,0.43,0.64,1.0,0.33,0.56,0.3
2025-12-19 12:32:07,32.5,39.3,0.42,0.64,0.92,0.33,0.55,0.3
2025-12-19 12:32:12,32.5,39.3,0.41,0.64,1.02,0.31,0.57,0.27
2025-12-19 12:32:17,32.5,39.4,0.41,0.63,0.93,0.33,0.56,0.3
2025-12-19 12:32:23,32.5,39.6,0.4,0.64,0.95,0.33,0.57,0.27
2025-12-19 12:32:28,32.5,39.6,0.43,0.63,0.9,0.31,0.58,0.28
2025-12-19 12:32:33,32.5,39.6,0.41,0.65,0.93,0.33,0.56,0.29
2025-12-19 12:32:39,32.5,39.7,0.42,0.65,0.87,0.32,0.57,0.28
2025-12-19 12:32:44,32.5,39.4,0.43,0.65,0.88,0.32,0.58,0.28
2025-12-19 12:32:49,32.5,39.4,0.43,0.63,1.04,0.32,0.57,0.29
2025-12-19 12:32:54,32.5,39.4,0.41,0.65,0.99,0.31,0.57,0.28
2025-12-19 12:33:00,32.4,39.2,0.43,0.65,0.9,0.33,0.56,0.29
2025-12-19 12:33:05,32.4,39.3,0.43,0.63,0.97,0.33,0.58,0.27
2025-12-19 12:33:10,32.5,39.4,0.4,0.65,0.9,0.33,0.57,0.29
2025-12-19 12:33:15,32.5,39.5,0.41,0.63,0.98,0.34,0.56,0.27
2025-12-19 12:33:21,32.5,39.7,0.43,0.65,0.97,0.32,0.55,0.29
2025-12-19 12:33:26,32.6,39.5,0.42,0.65,0.93,0.33,0.56,0.29
2025-12-19 12:33:31,32.5,39.4,0.41,0.64,1.02,0.33,0.58,0.28
2025-12-19 12:33:36,32.5,39.4,0.41,0.64,0.98,0.31,0.57,0.3
2025-12-19 12:33:42,32.6,39.4,0.43,0.65,0.96,0.34,0.55,0.27
2025-12-19 12:33:47,32.5,39.4,0.41,0.63,0.94,0.31,0.58,0.29
2025-12-19 12:33:52,32.5,39.2,0.41,0.65,0.88,0.32,0.56,0.28
2025-12-19 12:33:57,32.6,39.4,0.42,0.65,0.9,0.33,0.55,0.28
2025-12-19 12:34:03,32.5,39.5,0.43,0.65,0.92,0.33,0.57,0.28
2025-12-19 12:34:08,32.5,39.2,0.41,0.64,0.97,0.33,0.55,0.29
2025-12-19 12:34:13,32.5,39.6,0.41,0.64,0.88,0.31,0.58,0.3
2025-12-19 12:34:18,32.5,39.6,0.43,0.65,0.89,0.31,0.57,0.28
2025-12-19 12:34:24,32.5,39.4,0.4,0.64,0.87,0.33,0.57,0.28
2025-12-19 12:34:29,32.4,39.3,0.41,0.63,0.94,0.31,0.57,0.29
2025-12-19 12:34:34,32.5,39.0,0.41,0.65,1.01,0.31,0.57,0.28
2025-12-19 12:34:39,32.5,39.3,0.41,0.64,0.97,0.33,0.56,0.3
2025-12-19 12:34:45,32.5,39.5,0.41,0.64,0.95,0.31,0.57,0.29
2025-12-19 12:34:50,32.5,39.6,0.42,0.64,0.9,0.31,0.57,0.3
2025-12-19 12:34:55,32.5,39.3,0.43,0.63,0.96,0.31,0.58,0.27
2025-12-19 12:35:01,32.5,39.4,0.42,0.64,1.04,0.32,0.58,0.28
2025-12-19 12:35:06,32.5,39.3,0.43,0.64,0.93,0.31,0.56,0.29
2025-12-19 12:35:11,32.5,39.5,0.42,0.63,0.89,0.32,0.55,0.28
2025-12-19 12:35:16,32.5,39.5,0.42,0.64,0.91,0.33,0.55,0.28
2025-12-19 12:35:22,32.5,39.4,0.42,0.63,1.03,0.33,0.56,0.3
2025-12-19 12:35:27,32.6,39.4,0.42,0.64,0.93,0.32,0.58,0.28
2025-12-19 12:35:32,32.5,39.4,0.41,0.64,0.96,0.31,0.58,0.27
2025-12-19 12:35:37,32.6,39.3,0.41,0.62,0.94,0.32,0.58,0.27
2025-12-19 12:35:43,32.6,39.3,0.41,0.65,1.03,0.33,0.57,0.29
2025-12-19 12:35:48,32.6,39.4,0.41,0.63,0.91,0.31,0.55,0.28
2025-12-19 12:35:53,32.5,39.3,0.42,0.65,0.91,0.32,0.55,0.3
2025-12-19 12:35:58,32.6,39.3,0.41,0.63,0.93,0.31,0.56,0.27
2025-12-19 12:36:04,32.6,39.3,0.41,0.65,0.89,0.31,0.56,0.3
2025-12-19 12:36:09,32.6,39.2,0.41,0.63,1.04,0.33,0.58,0.28
2025-12-19 12:36:14,32.5,39.1,0.42,0.63,0.94,0.31,0.57,0.3
2025-12-19 12:36:19,32.6,39.2,0.41,0.63,0.91,0.32,0.58,0.27
2025-12-19 12:36:25,32.5,39.1,0.42,0.63,0.9,0.31,0.57,0.27
2025-12-19 12:36:30,32.4,39.3,0.43,0.65,0.91,0.31,0.58,0.28
2025-12-19 12:36:35,32.5,39.4,0.41,0.65,0.9,0.31,0.56,0.29
2025-12-19 12:36:40,32.5,39.5,0.41,0.64,0.91,0.32,0.58,0.28
2025-12-19 12:36:46,32.5,39.6,0.41,0.63,0.99,0.32,0.56,0.27
2025-12-19 12:36:51,32.5,39.2,0.42,0.63,1.04,0.33,0.57,0.3
2025-12-19 12:36:56,32.6,39.2,0.4,0.63,0.93,0.32,0.57,0.27
2025-12-19 12:37:01,32.6,39.3,0.41,0.65,0.93,0.33,0.57,0.3
2025-12-19 12:37:07,32.6,39.2,0.43,0.65,0.88,0.31,0.57,0.29
2025-12-19 12:37:12,32.5,39.4,0.43,0.64,0.95,0.32,0.57,0.3
2025-12-19 12:37:17,32.6,39.2,0.42,0.63,0.97,0.32,0.58,0.27
2025-12-19 12:37:23,32.6,39.1,0.41,0.63,0.95,0.31,0.56,0.28
2025-12-19 12:37:28,32.6,39.2,0.42,0.63,0.93,0.32,0.57,0.28
2025-12-19 12:37:33,32.5,39.3,0.43,0.64,0.95,0.32,0.58,0.29
2025-12-19 12:37:38,32.5,39.2,0.42,0.63,0.98,0.33,0.57,0.28
2025-12-19 12:37:44,32.6,39.2,0.42,0.63,1.03,0.33,0.55,0.29
2025-12-19 12:37:49,32.6,39.3,0.41,0.64,1.02,0.32,0.56,0.29
2025-12-19 12:37:54,32.6,39.2,0.42,0.63,1.03,0.34,0.55,0.29
2025-12-19 12:37:59,32.6,39.4,0.42,0.64,1.03,0.31,0.55,0.28
2025-12-19 12:38:05,32.6,39.1,0.4,0.63,1.02,0.33,0.57,0.28
2025-12-19 12:38:10,32.6,39.1,0.41,0.63,0.96,0.32,0.57,0.3
2025-12-19 12:38:15,32.6,39.2,0.41,0.63,1.02,0.33,0.55,0.27
2025-12-19 12:38:20,32.6,39.2,0.43,0.65,0.87,0.31,0.56,0.3
2025-12-19 12:38:26,32.6,39.4,0.41,0.65,0.91,0.34,0.56,0.28
2025-12-19 12:38:31,32.6,39.5,0.41,0.65,1.03,0.31,0.57,0.29
2025-12-19 12:38:36,32.6,39.4,0.41,0.65,0.87,0.31,0.57,0.29
2025-12-19 12:38:41,32.6,39.1,0.42,0.64,0.88,0.31,0.58,0.3
2025-12-19 12:38:47,32.6,39.2,0.42,0.63,0.9,0.32,0.57,0.29
2025-12-19 12:38:52,32.6,39.1,0.41,0.63,0.94,0.33,0.55,0.29
2025-12-19 12:38:57,32.6,39.2,0.43,0.64,1.0,0.31,0.55,0.29
2025-12-19 12:39:02,32.5,39.3,0.42,0.63,1.01,0.33,0.56,0.27
2025-12-19 12:39:08,32.6,39.0,0.4,0.63,0.93,0.31,0.56,0.29
2025-12-19 12:39:13,32.6,39.2,0.42,0.63,1.0,0.33,0.56,0.28
2025-12-19 12:39:18,32.5,39.2,0.41,0.63,0.94,0.32,0.56,0.29
2025-12-19 12:39:23,32.6,39.4,0.42,0.63,0.9,0.31,0.56,0.28
2025-12-19 12:39:29,32.6,39.0,0.42,0.63,0.99,0.33,0.55,0.27
2025-12-19 12:39:34,32.6,39.2,0.42,0.63,0.87,0.32,0.58,0.3
2025-12-19 12:39:39,32.6,39.2,0.41,0.64,0.87,0.31,0.56,0.28
2025-12-19 12:39:45,32.6,39.3,0.43,0.63,0.9,0.31,0.56,0.28
2025-12-19 12:39:50,32.6,39.3,0.41,0.63,1.02,0.33,0.56,0.29
2025-12-19 12:39:55,32.6,39.3,0.41,0.63,0.91,0.34,0.57,0.28
2025-12-19 12:40:00,32.6,39.2,0.41,0.64,1.02,0.34,0.58,0.28
2025-12-19 12:40:06,32.7,39.3,0.41,0.63,0.9,0.32,0.57,0.3
2025-12-19 12:40:11,32.7,39.1,0.42,0.63,0.98,0.32,0.55,0.27
2025-12-19 12:40:16,32.5,39.0,0.41,0.63,0.95,0.31,0.57,0.28
2025-12-19 12:40:21,32.6,39.2,0.43,0.65,0.89,0.32,0.58,0.27
2025-12-19 12:40:27,32.6,39.2,0.41,0.63,1.04,0.33,0.58,0.29
2025-12-19 12:40:32,32.7,39.2,0.43,0.65,0.91,0.32,0.58,0.28
2025-12-19 12:40:37,32.6,39.2,0.41,0.63,0.95,0.32,0.57,0.28
2025-12-19 12:40:42,32.7,38.9,0.42,0.65,0.88,0.31,0.56,0.28
2025-12-19 12:40:48,32.6,39.0,0.42,0.64,1.03,0.34,0.58,0.28
2025-12-19 12:40:53,32.6,39.1,0.41,0.65,0.87,0.31,0.58,0.3
2025-12-19 12:40:58,32.6,39.1,0.42,0.65,1.03,0.33,0.58,0.28
2025-12-19 12:41:03,32.5,39.3,0.42,0.63,0.99,0.34,0.58,0.28
2025-12-19 12:41:09,32.6,39.3,0.42,0.64,1.02,0.32,0.57,0.28
2025-12-19 12:41:14,32.7,39.2,0.43,0.65,1.03,0.33,0.56,0.29
2025-12-19 12:41:19,32.6,39.0,0.42,0.65,0.95,0.32,0.56,0.29
2025-12-19 12:41:24,32.6,38.9,0.43,0.64,0.89,0.32,0.58,0.28
2025-12-19 12:41:30,32.6,39.2,0.41,0.64,0.92,0.33,0.56,0.27
2025-12-19 12:41:35,32.6,39.1,0.42,0.65,0.96,0.32,0.58,0.3
2025-12-19 12:41:40,32.6,39.2,0.42,0.64,1.04,0.34,0.56,0.29
2025-12-19 12:41:45,32.7,39.0,0.41,0.64,0.99,0.33,0.58,0.27
2025-12-19 12:41:51,32.6,39.2,0.41,0.65,0.9,0.33,0.58,0.28
2025-12-19 12:41:56,32.6,39.1,0.43,0.64,0.94,0.32,0.58,0.29
2025-12-19 12:42:01,32.6,39.2,0.41,0.63,0.95,0.33,0.58,0.28
2025-12-19 12:42:07,32.7,39.1,0.41,0.65,1.03,0.33,0.57,0.3
2025-12-19 12:42:12,32.6,39.1,0.41,0.63,0.97,0.33,0.57,0.3
2025-12-19 12:42:17,32.7,39.2,0.41,0.64,0.89,0.32,0.57,0.3
2025-12-19 12:42:22,32.6,39.2,0.4,0.65,0.87,0.33,0.58,0.28
2025-12-19 12:42:28,32.7,39.0,0.42,0.63,0.99,0.33,0.56,0.29
2025-12-19 12:42:33,32.7,39.2,0.42,0.65,0.95,0.34,0.58,0.27
2025-12-19 12:42:38,32.6,38.9,0.43,0.65,0.87,0.31,0.56,0.27
2025-12-19 12:42:43,32.7,39.1,0.41,0.63,0.96,0.32,0.57,0.3
2025-12-19 12:42:49,32.6,38.8,0.41,0.65,0.91,0.34,0.56,0.29
2025-12-19 12:42:54,32.6,39.1,0.4,0.63,1.03,0.33,0.56,0.3
2025-12-19 12:42:59,32.6,38.9,0.41,0.65,0.99,0.31,0.58,0.29
2025-12-19 12:43:04,32.7,39.0,0.42,0.63,0.93,0.32,0.56,0.3
2025-12-19 12:43:10,32.6,38.9,0.41,0.63,1.03,0.32,0.56,0.28
2025-12-19 12:43:15,32.7,39.2,0.4,0.65,0.95,0.32,0.56,0.28
2025-12-19 12:43:20,32.6,39.1,0.42,0.65,0.95,0.32,0.57,0.27
2025-12-19 12:43:25,32.6,39.1,0.41,0.63,0.92,0.32,0.56,0.28
2025-12-19 12:43:31,32.6,38.9,0.41,0.65,0.92,0.32,0.58,0.28
2025-12-19 12:43:36,32.7,39.0,0.41,0.63,0.92,0.33,0.56,0.28
2025-12-19 12:43:41,32.7,39.3,0.42,0.64,1.01,0.32,0.57,0.3
2025-12-19 12:43:46,32.7,39.2,0.4,0.63,0.99,0.33,0.57,0.3
2025-12-19 12:43:52,32.6,38.9,0.42,0.63,1.02,0.31,0.56,0.29
2025-12-19 12:43:57,32.7,39.2,0.41,0.64,1.02,0.33,0.57,0.27
2025-12-19 12:44:02,32.7,39.1,0.42,0.64,1.0,0.31,0.56,0.3
2025-12-19 12:44:07,32.6,38.8,0.4,0.65,0.99,0.32,0.56,0.27
2025-12-19 12:44:13,32.7,39.2,0.43,0.65,1.02,0.34,0.56,0.3
2025-12-19 12:44:18,32.7,39.3,0.4,0.64,0.9,0.33,0.58,0.27
2025-12-19 12:44:23,32.7,38.8,0.42,0.64,0.99,0.32,0.57,0.27
2025-12-19 12:44:28,32.7,38.9,0.43,0.64,0.99,0.32,0.57,0.27
2025-12-19 12:44:34,32.7,38.9,0.41,0.63,1.03,0.32,0.56,0.29
2025-12-19 12:44:39,32.6,39.1,0.43,0.65,0.91,0.32,0.56,0.28
2025-12-19 12:44:44,32.6,38.9,0.43,0.65,1.04,0.34,0.57,0.28
2025-12-19 12:44:50,32.6,39.0,0.42,0.63,0.92,0.34,0.58,0.27
2025-12-19 12:44:55,32.6,39.1,0.42,0.64,1.01,0.33,0.58,0.27
2025-12-19 12:45:00,32.7,39.1,0.43,0.64,1.03,0.33,0.56,0.29
2025-12-19 12:45:05,32.6,38.8,0.42,0.65,0.87,0.32,0.56,0.3
2025-12-19 12:45:11,32.7,38.9,0.41,0.64,0.94,0.33,0.56,0.28
2025-12-19 12:45:16,32.7,39.1,0.42,0.63,0.98,0.32,0.56,0.29
2025-12-19 12:45:21,32.7,39.0,0.41,0.63,0.87,0.31,0.57,0.29
2025-12-19 12:45:26,32.7,38.8,0.41,0.63,0.89,0.31,0.56,0.28
2025-12-19 12:45:32,32.7,39.0,0.41,0.63,0.91,0.32,0.56,0.28
2025-12-19 12:45:37,32.7,39.1,0.42,0.64,1.02,0.33,0.58,0.29
2025-12-19 12:45:42,32.7,39.0,0.42,0.65,1.02,0.33,0.58,0.27
2025-12-19 12:45:47,32.7,38.9,0.41,0.65,0.98,0.32,0.58,0.29
2025-12-19 12:45:53,32.6,38.9,0.42,0.64,0.92,0.31,0.56,0.28
2025-12-19 12:45:58,32.7,39.0,0.4,0.65,1.02,0.32,0.56,0.3
2025-12-19 12:46:03,32.7,39.0,0.41,0.64,1.01,0.33,0.57,0.28
2025-12-19 12:46:08,32.7,38.9,0.41,0.63,0.88,0.32,0.56,0.28
2025-12-19 12:46:14,32.6,38.9,0.4,0.63,1.01,0.33,0.57,0.29
2025-12-19 12:46:19,32.6,38.9,0.41,0.65,0.89,0.31,0.57,0.27
2025-12-19 12:46:24,32.6,38.9,0.4,0.64,0.9,0.31,0.56,0.29
2025-12-19 12:46:29,32.7,38.9,0.42,0.64,0.96,0.32,0.58,0.28
2025-12-19 12:46:35,32.7,38.9,0.43,0.63,0.96,0.33,0.56,0.28
2025-12-19 12:46:40,32.7,39.0,0.43,0.65,1.03,0.32,0.57,0.29
2025-12-19 12:46:45,32.7,38.8,0.43,0.65,1.01,0.32,0.57,0.28
2025-12-19 12:46:50,32.7,39.0,0.41,0.64,0.88,0.33,0.57,0.27
2025-12-19 12:46:56,32.7,39.0,0.4,0.63,0.91,0.31,0.55,0.28
2025-12-19 12:47:01,32.7,38.8,0.43,0.63,0.91,0.31,0.56,0.28
2025-12-19 12:47:06,32.7,38.9,0.42,0.64,1.03,0.33,0.58,0.3
2025-12-19 12:47:12,32.6,38.8,0.4,0.65,1.03,0.33,0.58,0.29
2025-12-19 12:47:17,32.7,38.9,0.42,0.63,0.87,0.33,0.58,0.28
2025-12-19 12:47:22,32.7,38.8,0.4,0.65,1.03,0.32,0.56,0.29
2025-12-19 12:47:27,32.7,38.8,0.41,0.63,1.01,0.33,0.57,0.29
2025-12-19 12:47:33,32.7,38.8,0.43,0.65,0.97,0.31,0.56,0.3
2025-12-19 12:47:38,32.7,38.9,0.43,0.65,1.03,0.33,0.58,0.28
2025-12-19 12:47:43,32.6,39.1,0.41,0.65,0.88,0.32,0.57,0.28
2025-12-19 12:47:48,32.7,39.2,0.41,0.64,0.89,0.32,0.58,0.3
2025-12-19 12:47:54,32.7,38.9,0.41,0.63,0.95,0.33,0.58,0.29
2025-12-19 12:47:59,32.6,38.9,0.42,0.64,0.92,0.33,0.57,0.28
2025-12-19 12:48:04,32.7,38.9,0.41,0.64,0.96,0.32,0.58,0.28
2025-12-19 12:48:09,32.6,38.8,0.43,0.63,0.95,0.32,0.56,0.3
2025-12-19 12:48:15,32.7,38.9,0.41,0.63,0.98,0.33,0.56,0.28
2025-12-19 12:48:20,32.6,38.8,0.43,0.65,0.89,0.31,0.58,0.28
2025-12-19 12:48:25,32.6,38.9,0.42,0.65,0.99,0.33,0.56,0.29
2025-12-19 12:48:30,32.6,38.7,0.42,0.63,0.91,0.31,0.56,0.28
2025-12-19 12:48:36,32.7,39.0,0.42,0.64,1.03,0.32,0.56,0.28
2025-12-19 12:48:41,32.7,38.9,0.42,0.65,0.94,0.33,0.58,0.3
2025-12-19 12:48:46,32.6,39.1,0.41,0.64,0.87,0.31,0.57,0.28
2025-12-19 12:48:51,32.7,38.9,0.42,0.65,0.88,0.33,0.58,0.3
2025-12-19 12:48:57,32.7,38.9,0.41,0.63,1.03,0.33,0.56,0.28
2025-12-19 12:49:02,32.7,39.0,0.42,0.65,1.01,0.32,0.56,0.3
2025-12-19 12:49:07,32.7,38.8,0.43,0.65,1.03,0.33,0.57,0.28
2025-12-19 12:49:12,32.7,39.1,0.41,0.63,0.92,0.32,0.58,0.3
2025-12-19 12:49:18,32.6,39.0,0.41,0.65,0.87,0.32,0.58,0.27
2025-12-19 12:49:23,32.7,38.8,0.41,0.63,0.93,0.31,0.57,0.27
2025-12-19 12:49:28,32.7,39.1,0.43,0.65,1.01,0.33,0.58,0.3
2025-12-19 12:49:34,32.7,38.9,0.41,0.64,1.04,0.32,0.57,0.28
2025-12-19 12:49:39,32.7,38.9,0.4,0.63,1.01,0.32,0.58,0.3
2025-12-19 12:49:44,32.6,38.9,0.42,0.65,0.94,0.31,0.57,0.3
2025-12-19 12:49:49,32.7,38.9,0.41,0.64,1.04,0.32,0.57,0.3
2025-12-19 12:49:55,32.7,38.9,0.42,0.63,1.04,0.33,0.58,0.29
2025-12-19 12:50:00,32.6,38.7,0.43,0.65,0.95,0.31,0.58,0.3
2025-12-19 12:50:05,32.8,38.7,0.41,0.65,0.95,0.31,0.57,0.27
2025-12-19 12:50:10,32.7,38.9,0.41,0.65,1.02,0.33,0.58,0.29
2025-12-19 12:50:16,32.7,38.9,0.42,0.65,1.0,0.33,0.58,0.29
2025-12-19 12:50:21,32.8,38.9,0.43,0.65,0.9,0.32,0.58,0.28
2025-12-19 12:50:26,32.7,39.0,0.41,0.65,1.0,0.31,0.57,0.28
2025-12-19 12:50:31,32.7,38.8,0.41,0.64,0.88,0.33,0.58,0.27
2025-12-19 12:50:37,32.7,38.7,0.4,0.63,0.98,0.33,0.58,0.27
2025-12-19 12:50:42,32.7,38.8,0.42,0.63,0.88,0.31,0.56,0.28
2025-12-19 12:50:47,32.7,38.9,0.42,0.64,1.02,0.32,0.57,0.3
2025-12-19 12:50:53,32.7,38.9,0.41,0.65,0.96,0.31,0.56,0.29
2025-12-19 12:50:59,32.7,38.8,0.42,0.64,0.97,0.32,0.56,0.3
2025-12-19 12:51:04,32.7,38.8,0.41,0.65,1.02,0.33,0.57,0.27
2025-12-19 12:51:09,32.7,38.8,0.41,0.63,0.9,0.32,0.58,0.28
2025-12-19 12:51:14,32.7,38.8,0.4,0.64,1.03,0.33,0.58,0.28
2025-12-19 12:51:20,32.7,38.7,0.41,0.63,0.9,0.31,0.57,0.3
2025-12-19 12:51:25,32.7,38.8,0.41,0.63,0.87,0.33,0.57,0.28
2025-12-19 12:51:30,32.7,38.6,0.43,0.65,0.89,0.32,0.58,0.27
2025-12-19 12:51:36,32.7,38.8,0.42,0.62,0.99,0.33,0.56,0.28
2025-12-19 12:51:41,32.7,38.7,0.4,0.63,0.92,0.33,0.58,0.29
2025-12-19 12:51:46,32.6,38.9,0.41,0.62,0.94,0.32,0.56,0.28
2025-12-19 12:51:51,32.7,38.9,0.42,0.62,0.88,0.33,0.58,0.3
2025-12-19 12:51:57,32.7,38.9,0.42,0.63,0.93,0.31,0.56,0.28
2025-12-19 12:52:02,32.7,39.2,0.41,0.63,0.9,0.33,0.56,0.28
2025-12-19 12:52:07,32.7,38.8,0.42,0.65,0.93,0.33,0.56,0.29
2025-12-19 12:52:12,32.6,38.7,0.42,0.65,0.91,0.31,0.57,0.28
2025-12-19 12:52:18,32.7,38.6,0.42,0.64,0.87,0.33,0.57,0.3
2025-12-19 12:52:23,32.7,38.8,0.41,0.62,0.91,0.32,0.58,0.3
2025-12-19 12:52:28,32.8,38.7,0.41,0.63,1.03,0.33,0.56,0.28
2025-12-19 12:52:33,32.7,38.9,0.41,0.63,1.0,0.32,0.56,0.29
2025-12-19 12:52:39,32.7,38.7,0.4,0.63,0.93,0.33,0.57,0.27
2025-12-19 12:52:44,32.7,38.7,0.42,0.63,1.03,0.33,0.58,0.3
2025-12-19 12:52:49,32.6,38.6,0.41,0.64,0.95,0.32,0.57,0.28
2025-12-19 12:52:54,32.7,38.7,0.43,0.63,1.04,0.33,0.56,0.28
2025-12-19 12:53:00,32.6,38.7,0.41,0.63,0.92,0.31,0.57,0.3
2025-12-19 12:53:05,32.7,38.7,0.4,0.65,0.99,0.32,0.57,0.29
2025-12-19 12:53:10,32.6,38.6,0.42,0.64,1.04,0.33,0.58,0.28
2025-12-19 12:53:15,32.7,38.9,0.4,0.62,0.92,0.33,0.57,0.29
2025-12-19 12:53:21,32.6,38.6,0.42,0.63,0.95,0.33,0.58,0.27
2025-12-19 12:53:26,32.7,38.8,0.4,0.64,0.93,0.32,0.56,0.28
2025-12-19 12:53:31,32.6,38.6,0.41,0.64,1.03,0.33,0.56,0.28
2025-12-19 12:53:36,32.7,38.7,0.42,0.65,0.99,0.33,0.58,0.29
2025-12-19 12:53:42,32.6,38.6,0.41,0.63,0.91,0.31,0.56,0.28
2025-12-19 12:53:47,32.7,38.8,0.41,0.63,0.97,0.32,0.56,0.29
2025-12-19 12:53:52,32.7,38.7,0.42,0.63,0.94,0.32,0.58,0.28
2025-12-19 12:53:58,32.6,38.7,0.42,0.65,0.94,0.32,0.57,0.28
2025-12-19 12:54:03,32.6,38.7,0.41,0.65,0.97,0.33,0.58,0.3
2025-12-19 12:54:08,32.6,38.7,0.42,0.65,1.03,0.33,0.58,0.29
2025-12-19 12:54:13,32.7,38.8,0.43,0.64,0.94,0.32,0.58,0.29
2025-12-19 12:54:19,32.5,38.8,0.42,0.63,0.87,0.33,0.58,0.27
2025-12-19 12:54:24,32.7,38.8,0.41,0.63,0.92,0.32,0.58,0.28
2025-12-19 12:54:29,32.7,38.8,0.41,0.63,0.89,0.33,0.58,0.28
2025-12-19 12:54:34,32.7,38.9,0.41,0.64,0.96,0.31,0.57,0.3
2025-12-19 12:54:40,32.7,38.8,0.42,0.64,0.97,0.33,0.58,0.28
2025-12-19 12:54:45,32.6,38.5,0.41,0.63,0.92,0.33,0.56,0.28
2025-12-19 12:54:50,32.6,38.9,0.42,0.65,0.95,0.32,0.58,0.3
2025-12-19 12:54:55,32.7,38.8,0.42,0.65,1.02,0.33,0.58,0.3
2025-12-19 12:55:01,32.6,38.8,0.4,0.64,0.91,0.32,0.56,0.29
2025-12-19 12:55:06,32.7,38.8,0.4,0.65,0.88,0.31,0.57,0.3
2025-12-19 12:55:11,32.6,38.4,0.42,0.64,1.03,0.32,0.57,0.28
2025-12-19 12:55:16,32.6,38.3,0.4,0.63,0.88,0.31,0.57,0.28
2025-12-19 12:55:22,32.6,38.6,0.41,0.63,0.94,0.32,0.58,0.29
2025-12-19 12:55:28,32.6,38.6,0.43,0.64,1.03,0.33,0.56,0.29
2025-12-19 12:55:33,32.6,38.5,0.42,0.63,0.95,0.32,0.56,0.29
2025-12-19 12:55:38,32.7,38.6,0.4,0.65,1.01,0.31,0.56,0.27
2025-12-19 12:55:44,32.7,38.6,0.42,0.64,1.03,0.33,0.57,0.28
2025-12-19 12:55:49,32.6,38.6,0.41,0.64,0.88,0.32,0.58,0.28
2025-12-19 12:55:54,32.7,38.5,0.41,0.62,0.92,0.32,0.58,0.28
2025-12-19 12:55:59,32.6,38.5,0.41,0.63,0.89,0.32,0.57,0.29
2025-12-19 12:56:05,32.7,38.7,0.42,0.64,1.04,0.33,0.56,0.3
2025-12-19 12:56:10,32.7,38.9,0.41,0.63,1.03,0.33,0.58,0.29
2025-12-19 12:56:15,32.7,38.5,0.4,0.65,1.01,0.31,0.58,0.3
2025-12-19 12:56:22,32.7,38.5,0.42,0.64,1.03,0.33,0.57,0.28
2025-12-19 12:56:27,32.7,38.5,0.4,0.65,0.88,0.33,0.57,0.28
2025-12-19 12:56:32,32.7,38.5,0.4,0.63,0.93,0.32,0.58,0.3
2025-12-19 12:56:37,32.7,38.5,0.42,0.64,1.02,0.32,0.57,0.3
2025-12-19 12:56:43,32.7,38.5,0.42,0.64,0.96,0.31,0.56,0.28
2025-12-19 12:56:48,32.7,38.5,0.42,0.64,0.95,0.33,0.57,0.27
2025-12-19 12:56:53,32.7,38.3,0.41,0.63,0.96,0.31,0.57,0.29
2025-12-19 12:56:58,32.7,38.5,0.42,0.65,0.92,0.33,0.57,0.28
2025-12-19 12:57:04,32.7,38.5,0.42,0.65,0.89,0.31,0.56,0.29
2025-12-19 12:57:09,32.7,38.5,0.42,0.63,1.03,0.32,0.57,0.28
2025-12-19 12:57:14,32.7,38.4,0.42,0.62,0.92,0.32,0.57,0.27
2025-12-19 12:57:19,32.7,38.4,0.4,0.62,0.94,0.32,0.57,0.29
2025-12-19 12:57:25,32.7,38.6,0.41,0.64,1.03,0.33,0.58,0.3
2025-12-19 12:57:30,32.7,38.5,0.43,0.65,1.03,0.32,0.58,0.29
2025-12-19 12:57:36,32.7,38.5,0.42,0.63,0.93,0.33,0.58,0.28
2025-12-19 12:57:41,32.7,38.5,0.42,0.64,0.99,0.33,0.58,0.28
2025-12-19 12:57:47,32.7,38.6,0.43,0.64,0.89,0.33,0.56,0.29
2025-12-19 12:57:52,32.7,38.5,0.42,0.65,0.91,0.33,0.58,0.27
2025-12-19 12:57:57,32.8,38.4,0.42,0.64,1.02,0.33,0.58,0.28
2025-12-19 12:58:02,32.7,38.6,0.4,0.65,0.98,0.33,0.58,0.28
2025-12-19 12:58:08,32.7,38.7,0.42,0.63,0.95,0.31,0.57,0.28
2025-12-19 12:58:13,32.7,38.6,0.4,0.65,1.03,0.33,0.58,0.28
2025-12-19 12:58:18,32.8,38.7,0.43,0.63,0.99,0.33,0.58,0.29
2025-12-19 12:58:23,32.7,38.6,0.42,0.65,0.93,0.32,0.56,0.28
2025-12-19 12:58:29,32.8,38.4,0.42,0.63,0.88,0.33,0.58,0.27
2025-12-19 12:58:34,32.7,38.5,0.42,0.63,1.03,0.32,0.57,0.29
2025-12-19 12:58:39,32.7,38.4,0.41,0.63,0.87,0.33,0.58,0.29
2025-12-19 12:58:44,32.7,38.4,0.41,0.65,1.03,0.33,0.58,0.28
2025-12-19 12:58:50,32.7,38.5,0.42,0.63,1.03,0.33,0.58,0.28
2025-12-19 12:58:55,32.7,38.6,0.41,0.63,0.93,0.32,0.56,0.28
2025-12-19 12:59:00,32.8,38.6,0.42,0.65,1.03,0.33,0.58,0.27
2025-12-19 12:59:06,32.6,38.4,0.42,0.64,1.0,0.32,0.58,0.29
2025-12-19 12:59:11,32.7,38.5,0.42,0.64,1.02,0.32,0.58,0.3
2025-12-19 12:59:16,32.8,38.4,0.4,0.64,0.9,0.32,0.58,0.29
2025-12-19 12:59:21,32.6,38.5,0.42,0.63,0.97,0.33,0.59,0.29
2025-12-19 12:59:27,32.7,38.3,0.41,0.63,0.87,0.31,0.56,0.27
2025-12-19 12:59:32,32.6,38.6,0.41,0.64,0.88,0.33,0.59,0.3
2025-12-19 12:59:37,32.7,38.6,0.4,0.65,0.87,0.31,0.57,0.27
2025-12-19 12:59:42,32.7,38.7,0.42,0.64,0.9,0.33,0.58,0.27
2025-12-19 12:59:48,32.7,38.4,0.4,0.63,0.98,0.33,0.58,0.28
2025-12-19 12:59:53,32.7,38.4,0.4,0.65,1.01,0.32,0.57,0.29
2025-12-19 12:59:58,32.7,38.5,0.42,0.65,0.87,0.33,0.56,0.28
2025-12-19 13:00:03,32.7,38.5,0.42,0.63,0.87,0.33,0.57,0.28
2025-12-19 13:00:09,32.7,38.6,0.41,0.65,0.91,0.33,0.56,0.29
2025-12-19 13:00:14,32.7,38.4,0.4,0.65,1.01,0.33,0.56,0.28
2025-12-19 13:00:19,32.7,38.7,0.42,0.63,0.91,0.32,0.56,0.29
2025-12-19 13:00:24,32.6,38.6,0.4,0.64,0.9,0.33,0.57,0.29
2025-12-19 13:00:30,32.6,38.5,0.4,0.64,0.89,0.33,0.58,0.28
2025-12-19 13:00:35,32.6,38.5,0.42,0.63,0.96,0.31,0.57,0.28
2025-12-19 13:00:40,32.7,38.5,0.42,0.65,1.01,0.31,0.58,0.27
2025-12-19 13:00:45,32.7,38.7,0.41,0.64,1.0,0.33,0.58,0.27
2025-12-19 13:00:51,32.7,38.4,0.41,0.65,1.03,0.31,0.59,0.29
2025-12-19 13:00:56,32.6,38.6,0.41,0.63,0.87,0.32,0.58,0.28
2025-12-19 13:01:01,32.6,38.4,0.4,0.65,0.88,0.32,0.57,0.28
2025-12-19 13:01:06,32.6,38.3,0.41,0.63,0.89,0.33,0.58,0.28
2025-12-19 13:01:12,32.7,38.5,0.42,0.64,0.97,0.33,0.58,0.29
2025-12-19 13:01:17,32.8,38.6,0.42,0.63,0.87,0.33,0.59,0.3
2025-12-19 13:01:22,32.7,38.6,0.42,0.64,0.93,0.31,0.56,0.29
2025-12-19 13:01:28,32.7,38.6,0.42,0.63,0.87,0.33,0.57,0.28
2025-12-19 13:01:33,32.7,38.3,0.41,0.65,1.04,0.31,0.56,0.28
2025-12-19 13:01:38,32.7,38.5,0.42,0.64,0.87,0.32,0.58,0.28
2025-12-19 13:01:43,32.7,38.7,0.41,0.65,0.95,0.31,0.56,0.29
2025-12-19 13:01:49,32.6,38.6,0.42,0.63,1.01,0.33,0.57,0.29
2025-12-19 13:01:54,32.7,38.5,0.43,0.64,0.97,0.32,0.58,0.28
2025-12-19 13:01:59,32.7,38.7,0.41,0.65,1.02,0.33,0.57,0.28
2025-12-19 13:02:04,32.7,38.7,0.42,0.63,0.91,0.31,0.59,0.3
2025-12-19 13:02:10,32.6,38.7,0.42,0.65,1.03,0.31,0.59,0.3
2025-12-19 13:02:15,32.7,38.5,0.41,0.65,0.99,0.31,0.58,0.29
2025-12-19 13:02:20,32.7,38.6,0.4,0.65,1.03,0.31,0.59,0.28
2025-12-19 13:02:25,32.6,38.5,0.4,0.65,0.99,0.32,0.57,0.28
2025-12-19 13:02:31,32.7,38.4,0.42,0.65,1.0,0.31,0.57,0.29
2025-12-19 13:02:36,32.7,38.5,0.41,0.65,0.89,0.31,0.56,0.29
2025-12-19 13:02:41,32.6,38.7,0.42,0.64,1.03,0.31,0.56,0.27
2025-12-19 13:02:46,32.7,38.6,0.41,0.64,1.04,0.32,0.57,0.27
2025-12-19 13:02:52,32.7,38.7,0.41,0.64,1.03,0.32,0.57,0.29
2025-12-19 13:02:57,32.7,38.6,0.42,0.65,1.01,0.32,0.58,0.3
2025-12-19 13:03:02,32.7,38.7,0.41,0.65,1.01,0.32,0.58,0.29
2025-12-19 13:03:07,32.7,38.6,0.4,0.65,0.88,0.32,0.59,0.29
2025-12-19 13:03:13,32.7,38.6,0.41,0.65,0.93,0.31,0.57,0.28
2025-12-19 13:03:18,32.6,38.7,0.41,0.66,0.97,0.31,0.58,0.28
2025-12-19 13:03:23,32.7,38.5,0.4,0.65,1.02,0.32,0.56,0.27
2025-12-19 13:03:28,32.7,38.7,0.42,0.63,1.01,0.31,0.57,0.29
2025-12-19 13:03:34,32.7,38.5,0.42,0.64,0.95,0.33,0.59,0.3
2025-12-19 13:03:39,32.7,38.4,0.4,0.64,1.0,0.31,0.57,0.3
2025-12-19 13:03:44,32.7,38.5,0.42,0.64,0.95,0.31,0.59,0.3
2025-12-19 13:03:50,32.7,38.6,0.42,0.64,0.97,0.31,0.56,0.27
2025-12-19 13:03:55,32.7,38.6,0.42,0.64,0.95,0.31,0.57,0.27
2025-12-19 13:04:00,32.7,38.6,0.42,0.64,1.03,0.32,0.58,0.3
2025-12-19 13:04:05,32.7,38.6,0.4,0.64,0.98,0.32,0.56,0.29
2025-12-19 13:04:11,32.7,38.7,0.42,0.64,0.91,0.32,0.58,0.29
2025-12-19 13:04:16,32.7,38.6,0.41,0.64,0.9,0.33,0.57,0.28
2025-12-19 13:04:22,32.7,38.6,0.42,0.65,0.98,0.32,0.59,0.3
2025-12-19 13:04:27,32.7,38.5,0.4,0.65,0.96,0.31,0.59,0.28
2025-12-19 13:04:33,32.7,38.5,0.42,0.64,0.91,0.31,0.57,0.3
2025-12-19 13:04:38,32.7,38.7,0.4,0.64,0.9,0.33,0.56,0.29
2025-12-19 13:04:43,32.7,38.6,0.41,0.63,0.88,0.33,0.58,0.29
2025-12-19 13:04:48,32.7,38.4,0.42,0.64,1.02,0.33,0.59,0.3
2025-12-19 13:04:54,32.7,38.6,0.42,0.64,0.97,0.33,0.56,0.29
2025-12-19 13:04:59,32.7,38.6,0.42,0.64,0.98,0.33,0.59,0.3
2025-12-19 13:05:04,32.6,38.7,0.42,0.63,1.02,0.32,0.59,0.28
2025-12-19 13:05:09,32.7,38.4,0.42,0.64,0.88,0.32,0.58,0.27
2025-12-19 13:05:15,32.7,38.5,0.41,0.64,1.02,0.32,0.57,0.29
2025-12-19 13:05:20,32.7,38.5,0.42,0.65,1.0,0.31,0.58,0.28
2025-12-19 13:05:25,32.7,38.3,0.4,0.65,0.88,0.31,0.57,0.28
2025-12-19 13:05:30,32.7,38.5,0.42,0.64,0.95,0.33,0.59,0.3
2025-12-19 13:05:36,32.7,38.6,0.42,0.65,1.02,0.32,0.58,0.27
2025-12-19 13:05:41,32.7,38.5,0.42,0.65,1.02,0.32,0.59,0.29
2025-12-19 13:05:46,32.7,38.4,0.41,0.64,0.89,0.32,0.57,0.28
2025-12-19 13:05:51,32.7,38.3,0.41,0.65,0.89,0.33,0.58,0.29
2025-12-19 13:05:57,32.7,38.4,0.42,0.63,0.88,0.32,0.57,0.28
2025-12-19 13:06:02,32.7,38.4,0.42,0.65,0.94,0.32,0.59,0.29
2025-12-19 13:06:07,32.7,38.4,0.4,0.65,0.9,0.33,0.58,0.28
2025-12-19 13:06:13,32.7,38.4,0.41,0.65,0.89,0.33,0.59,0.3
2025-12-19 13:06:18,32.7,38.4,0.41,0.64,0.99,0.31,0.57,0.27
